{
	"Changes": [

		//Load Textures
		{
			"Action": "Load",
			"Target": "LASV/Objects",
			"FromFile": "assets/Objects/Objects.png"
		},

		//Add fishes
		{
			"Action": "EditData",
			"Target": "Data/Objects",
			"Entries": {

				"LASV_Dewdrop_Fish": {
					"Name": "Dewdrop Fish",
					"Displayname": "{{i18n:LASV_Dewdrop_Fish}}",
					"Description": "{{i18n:LASV_Dewdrop_Fish_Description}}",
					"Type": "Fish",
					"Category": -4,
					"Price": 55,
					"Edibility": 10,

					"Texture": "LASV/Objects",
					"SpriteIndex": 0,
					"ContextTags": [ "fish_dewdrop_fish", "color_blue" ]
				},

				"LASV_Purple_Spotted_Trout": {
					"Name": "Purple Spotted Trout",
					"Displayname": "{{i18n:LASV_Purple_Spotted_Trout}}",
					"Description": "{{i18n:LASV_Purple_Spotted_Trout_Description}}",
					"Type": "Fish",
					"Category": -4,
					"Price": 155,
					"Edibility": 20,

					"Texture": "LASV/Objects",
					"SpriteIndex": 1,
					"ContextTags": [ "fish_purple_spotted_trout", "color_purple" ]
				},

				"LASV_Relicantlette": {
					"Name": "Relicantlette",
					"Displayname": "{{i18n:LASV_Relicantlette}}",
					"Description": "{{i18n:LASV_Relicantlette_Description}}",
					"Type": "Fish",
					"Category": -4,
					"Price": 50,
					"Edibility": 10,

					"Texture": "LASV/Objects",
					"SpriteIndex": 2,
					"ContextTags": [ "fish_relicantlette", "color_green" ]
				},

				"LASV_Serafin": {
					"Name": "Serafin",
					"Displayname": "{{i18n:LASV_Serafin}}",
					"Description": "{{i18n:LASV_Serafin_Description}}",
					"Type": "Fish",
					"Category": -4,
					"Price": 140,
					"Edibility": 10,

					"Texture": "LASV/Objects",
					"SpriteIndex": 3,
					"ContextTags": [ "fish_serafin", "color_pink" ]
				},

				"LASV_Umuwi_Carp": {
					"Name": "Umuwi Carp",
					"Displayname": "{{i18n:LASV_Umuwi_Carp}}",
					"Description": "{{i18n:LASV_Umuwi_Carp_Description}}",
					"Type": "Fish",
					"Category": -4,
					"Price": 800,
					"Edibility": 40,

					"Texture": "LASV/Objects",
					"SpriteIndex": 4,
					"ContextTags": [ "fish_umuwi_carp", "color_purple", "color_yellow" ]
				},
			}
		},

		//Add forage
		{
			"Action": "EditData",
			"Target": "Data/Objects",
			"Entries": {

				"LASV_Umuwi_Aster": {
					"Name": "Umuwi Aster",
					"Displayname": "{{i18n:LASV_Umuwi_Aster}}",
					"Description": "{{i18n:LASV_Umuwi_Aster_Description}}",
					"Type": "Flower",
					"Category": -80,
					"Price": 50,
					"Edibility": 5,
					"Buff": {
						"Duration": 30,
						"CustomAttributes": {
							"LuckLevel": 1
						}
					},

					"Texture": "LASV/Objects",
					"SpriteIndex": 20
				},

				"LASV_Umuwi_Badak": {
					"Name": "Umuwi Badak",
					"Displayname": "{{i18n:LASV_Umuwi_Badak}}",
					"Description": "{{i18n:LASV_Umuwi_Badak_Description}}",
					"Type": "Vegetable",
					"Category": -75,
					"Price": 60,
					"Edibility": 10,
					"Buff": {
						"Duration": 30,
						"CustomAttributes": {
							"FarmingLevel": 1,
							"FishingLevel": 1
						}
					},

					"Texture": "LASV/Objects",
					"SpriteIndex": 21
				},

				"LASV_Umuwi_Calamansi": {
					"Name": "Umuwi Calamansi",
					"Displayname": "{{i18n:LASV_Umuwi_Calamansi}}",
					"Description": "{{i18n:LASV_Umuwi_Calamansi_Description}}",
					"Type": "Fruit",
					"Category": -79,
					"Price": 50,
					"Edibility": 5,
					"Buff": {
						"Duration": 30,
						"CustomAttributes": {
							"MiningLevel": 1,
							"Speed": 1
						}
					},

					"Texture": "LASV/Objects",
					"SpriteIndex": 22
				},

				"LASV_Umuwi_Makahiya": {
					"Name": "Umuwi Makahiya",
					"Displayname": "{{i18n:LASV_Umuwi_Makahiya}}",
					"Description": "{{i18n:LASV_Umuwi_Makahiya_Description}}",
					"Type": "Flower",
					"Category": -80,
					"Price": 90,
					"Edibility": 5,
					"Buff": {
						"Duration": 30,
						"CustomAttributes": {
							"MaxStamina": 25
						}
					},

					"Texture": "LASV/Objects",
					"SpriteIndex": 23
				},

				"LASV_Umuwi_Olive": {
					"Name": "Umuwi Olive",
					"Displayname": "{{i18n:LASV_Umuwi_Olive}}",
					"Description": "{{i18n:LASV_Umuwi_Olive_Description}}",
					"Type": "Fruit",
					"Category": -79,
					"Price": 50,
					"Edibility": 5,
					"Buff": {
						"Duration": 30,
						"CustomAttributes": {
							"Attack": 1,
							"MaxStamina": 10
						}
					},

					"Texture": "LASV/Objects",
					"SpriteIndex": 24
				},

				"LASV_Umuwi_Poinsettia": {
					"Name": "Umuwi Poinsettia",
					"Displayname": "{{i18n:LASV_Umuwi_Poinsettia}}",
					"Description": "{{i18n:LASV_Umuwi_Poinsettia_Description}}",
					"Type": "Flower",
					"Category": -80,
					"Price": 60,
					"Edibility": 5,
					"Buff": {
						"Duration": 30,
						"CustomAttributes": {
							"MaxStamina": 10,
							"ForagingLevel": 1
						}
					},

					"Texture": "LASV/Objects",
					"SpriteIndex": 25
				},

				"LASV_Umuwi_Sampaguita": {
					"Name": "Umuwi Sampaguita",
					"Displayname": "{{i18n:LASV_Umuwi_Sampaguita}}",
					"Description": "{{i18n:LASV_Umuwi_Sampaguita_Description}}",
					"Type": "Flower",
					"Category": -80,
					"Price": 50,
					"Edibility": 5,
					"Buff": {
						"Duration": 30,
						"CustomAttributes": {
							"MagneticRadius": 20,
						}
					},

					"Texture": "LASV/Objects",
					"SpriteIndex": 26
				},
			}
		},

		//Add crops
		{
			"Action": "EditData",
			"Target": "Data/Objects",
			"Entries": {

				"LASV_Eggroot": {
					"Name": "Eggroot",
					"Displayname": "{{i18n:LASV_Eggroot}}",
					"Description": "{{i18n:LASV_Eggroot_Description}}",
					"Type": "Vegetable",
					"Category": -75,
					"Price": 255,
					"Edibility": 50,

					"Texture": "LASV/Objects",
					"SpriteIndex": 10
				},

				"LASV_Ghost_Cabbage": {
					"Name": "Ghost Cabbage",
					"Displayname": "{{i18n:LASV_Ghost_Cabbage}}",
					"Description": "{{i18n:LASV_Ghost_Cabbage_Description}}",
					"Type": "Vegetable",
					"Category": -75,
					"Price": 200,
					"Edibility": 50,

					"Texture": "LASV/Objects",
					"SpriteIndex": 11
				},

				"LASV_Pale_Berry": {
					"Name": "Pale Berry",
					"Displayname": "{{i18n:LASV_Pale_Berry}}",
					"Description": "{{i18n:LASV_Pale_Berry_Description}}",
					"Type": "Fruit",
					"Category": -79,
					"Price": 100,
					"Edibility": 30,

					"Texture": "LASV/Objects",
					"SpriteIndex": 12
				},

				"LASV_Sour_Potato": {
					"Name": "Sour Potato",
					"Displayname": "{{i18n:LASV_Sour_Potato}}",
					"Description": "{{i18n:LASV_Sour_Potato_Description}}",
					"Type": "Vegetable",
					"Category": -75,
					"Price": 70,
					"Edibility": 50,

					"Texture": "LASV/Objects",
					"SpriteIndex": 13
				},

				"LASV_Thorn_Pepper": {
					"Name": "Thorn Pepper",
					"Displayname": "{{i18n:LASV_Thorn_Pepper}}",
					"Description": "{{i18n:LASV_Thorn_Pepper_Description}}",
					"Type": "Fruit",
					"Category": -79,
					"Price": 50,
					"Edibility": 20,

					"Texture": "LASV/Objects",
					"SpriteIndex": 14
				},
			}
		},

		//Add tree fruits
		{
			"Action": "EditData",
			"Target": "Data/Objects",
			"Entries": {

				"LASV_Umuwi_Lanzones": {
					"Name": "Umuwi Lanzones",
					"Displayname": "{{i18n:LASV_Umuwi_Lanzones}}",
					"Description": "{{i18n:LASV_Umuwi_Lanzones_Description}}",
					"Type": "Fruit",
					"Category": -79,
					"Price": 155,
					"Edibility": 50,

					"Texture": "LASV/Objects",
					"SpriteIndex": 8
				},

				"LASV_Umuwi_Rambutan": {
					"Name": "Umuwi Rambutan",
					"Displayname": "{{i18n:LASV_Umuwi_Rambutan}}",
					"Description": "{{i18n:LASV_Umuwi_Rambutan_Description}}",
					"Type": "Fruit",
					"Category": -79,
					"Price": 190,
					"Edibility": 31,

					"Texture": "LASV/Objects",
					"SpriteIndex": 9
				},
			},
		},

		//Add items with crafting recipes
		{
			"Action": "EditData",
			"Target": "Data/Objects",
			"Entries": {

				"LASV_EmbraceFruit": {
					"Name": "EmbraceFruit",
					"Displayname": "{{i18n:LASV_EmbraceFruit}}",
					"Description": "{{i18n:LASV_EmbraceFruit_Description}}",
					"Type": "Crafting",
					"Category": -8,
					"Price": 10,
					"Edibility": 5,
					"Buff": {
						"Duration": 10,
						"CustomAttributes": {
							"Defense": 15
						}
					},

					"Texture": "LASV/Objects",
					"SpriteIndex": 5
				},

				"LASV_HastePill": {
					"Name": "HastePill",
					"Displayname": "{{i18n:LASV_HastePill}}",
					"Description": "{{i18n:LASV_HastePill_Description}}",
					"Type": "Crafting",
					"Category": -8,
					"Price": 10,
					"Edibility": 5,
					"Buff": {
						"Duration": 10,
						"CustomAttributes": {
							"Speed": 10
						}
					},

					"Texture": "LASV/Objects",
					"SpriteIndex": 6
				},

				"LASV_LuckyMint": {
					"Name": "LuckyMint",
					"Displayname": "{{i18n:LASV_LuckyMint}}",
					"Description": "{{i18n:LASV_LuckyMint_Description}}",
					"Type": "Crafting",
					"Category": -8,
					"Price": 10,
					"Edibility": 5,
					"Buff": {
						"Duration": 10,
						"CustomAttributes": {
							"LuckLevel": 15
						}
					},

					"Texture": "LASV/Objects",
					"SpriteIndex": 7
				},
			},
		},

		//Crafting Recipes
		{
			"Action": "EditData",
			"Target": "Data/CraftingRecipes",
			"Entries": {
				"EmbraceFruit": "66 1 LASV_Umuwi_Lanzones 5/Home/LASV_EmbraceFruit 1/false/null",
				"HastePill": "768 5 LASV_Umuwi_Rambutan 5/Home/LASV_HastePill 1/false/null",
				"LuckyMint": "LASV_Serafin 1 LASV_Pale_Berry 7/Home/LASV_LuckyMint 1/false/null",
			}
		},

		//Add items with cooking recipes
		{
			"Action": "EditData",
			"Target": "Data/Objects",
			"Entries": {

				"LASV_Pale_Berry_Pie": {
					"Name": "Pale Berry Pie",
					"Displayname": "{{i18n:LASV_Pale_Berry_Pie}}",
					"Description": "{{i18n:LASV_Pale_Berry_Pie_Description}}",
					"Type": "Cooking",
					"Category": -7,
					"Price": 300,
					"Edibility": 80,
					"Buff": {
						"Duration": 300,
						"CustomAttributes": {
							"MaxStamina": 64,
							"Speed": 3
						}
					},

					"Texture": "LASV/Objects",
					"SpriteIndex": 15
				},

				"LASV_Sour_Hashbrown": {
					"Name": "Sour Hashbrown",
					"Displayname": "{{i18n:LASV_Sour_Hashbrown}}",
					"Description": "{{i18n:LASV_Sour_Hashbrown_Description}}",
					"Type": "Cooking",
					"Category": -7,
					"Price": 250,
					"Edibility": 50,
					"Buff": {
						"Duration": 200,
						"CustomAttributes": {
							"MiningLevel": 2,
							"FishingLevel": 2,
							"ForagingLevel": 3
						}
					},

					"Texture": "LASV/Objects",
					"SpriteIndex": 16
				},

				"LASV_Umuwi_Mash": {
					"Name": "Umuwi Mash",
					"Displayname": "{{i18n:LASV_Umuwi_Mash}}",
					"Description": "{{i18n:LASV_Umuwi_Mash_Description}}",
					"Type": "Cooking",
					"Category": -7,
					"Price": 300,
					"Edibility": 80,
					"Buff": {
						"Duration": 300,
						"CustomAttributes": {
							"MiningLevel": 2,
							"FarmingLevel": 2,
							"Attack": 3
						}
					},

					"Texture": "LASV/Objects",
					"SpriteIndex": 17
				},

				"LASV_Umuwi_Salad": {
					"Name": "Umuwi Salad",
					"Displayname": "{{i18n:LASV_Umuwi_Salad}}",
					"Description": "{{i18n:LASV_Umuwi_Salad_Description}}",
					"Type": "Cooking",
					"Category": -7,
					"Price": 400,
					"Edibility": 120,
					"Buff": {
						"Duration": 300,
						"CustomAttributes": {
							"LuckLevel": 1,
							"MaxStamina": 30,
							"Defense": 3
						}
					},

					"Texture": "LASV/Objects",
					"SpriteIndex": 18
				},
			}
		},

		//Cooking Recipes
		{
			"Action": "EditData",
			"Target": "Data/CookingRecipes",
			"Entries": {
				"Pale Berry Pie": "246 1 LASV_Pale_Berry 3/25 5/LASV_Pale_Berry_Pie 1/f Bianka 2000",
				"Sour Hashbrown": "247 1 LASV_Sour_Potato 2/25 5/LASV_Sour_Hashbrown 1/f Bianka 2000",
				"Umuwi Mash": "LASV_Eggroot 3 LASV_Thorn_Pepper 5/25 5/LASV_Umuwi_Mash 1/f Raphael 2000",
				"Umuwi Salad": "LASV_Ghost_Cabbage 3 LASV_Umuwi_Lanzones 2 LASV_Umuwi_Rambutan 2/25 5/LASV_Umuwi_Salad 1/f Raphael 2000",
			}
		},

		//Seeds and Saplings
		{
			"Action": "EditData",
			"Target": "Data/Objects",
			"Entries": {

				"LASV_Eggroot_Seeds": {
			    "Name": "Eggroot Seeds",
			    "DisplayName": "{{i18n:LASV_Eggroot_Seeds}}",
			    "Description": "{{i18n:LASV_Eggroot_Seeds_Description}}",
			    "Type": "Basic",
			    "Category": -74,
			    "Price": 180,
			    "Texture": "LASV/Objects",
			    "SpriteIndex": 30,
			    "Edibility": -300,
			    "IsDrink": false,
			  },
			  	"LASV_Ghost_Cabbage_Seeds": {
			    "Name": "Ghost Cabbage Seeds",
			    "DisplayName": "{{i18n:LASV_Ghost_Cabbage_Seeds}}",
			    "Description": "{{i18n:LASV_Ghost_Cabbage_Seeds_Description}}",
			    "Type": "Basic",
			    "Category": -74,
			    "Price": 100,
			    "Texture": "LASV/Objects",
			    "SpriteIndex": 31,
			    "Edibility": -300,
			    "IsDrink": false,
			  },
			  	"LASV_Pale_Berry_Seeds": {
			    "Name": "Pale Berry Seeds",
			    "DisplayName": "{{i18n:LASV_Pale_Berry_Seeds}}",
			    "Description": "{{i18n:LASV_Pale_Berry_Seeds_Description}}",
			    "Type": "Basic",
			    "Category": -74,
			    "Price": 110,
			    "Texture": "LASV/Objects",
			    "SpriteIndex": 32,
			    "Edibility": -300,
			    "IsDrink": false,
			  },
			  	"LASV_Sour_Potato_Seeds": {
			    "Name": "Sour Potato Seeds",
			    "DisplayName": "{{i18n:LASV_Sour_Potato_Seeds}}",
			    "Description": "{{i18n:LASV_Sour_Potato_Seeds_Description}}",
			    "Type": "Basic",
			    "Category": -74,
			    "Price": 70,
			    "Texture": "LASV/Objects",
			    "SpriteIndex": 33,
			    "Edibility": -300,
			    "IsDrink": false,
			  },
			  	"LASV_Thorn_Pepper_Seeds": {
			    "Name": "Thorn Pepper Seeds",
			    "DisplayName": "{{i18n:LASV_Thorn_Pepper_Seeds}}",
			    "Description": "{{i18n:LASV_Thorn_Pepper_Seeds_Description}}",
			    "Type": "Basic",
			    "Category": -74,
			    "Price": 100,
			    "Texture": "LASV/Objects",
			    "SpriteIndex": 34,
			    "Edibility": -300,
			    "IsDrink": false,
			  },
			  	"LASV_Umuwi_Lanzones_Sapling": {
			    "Name": "Umuwi Lanzones Sapling",
			    "DisplayName": "{{i18n:LASV_Umuwi_Lanzones_Sapling}}",
			    "Description": "{{i18n:LASV_Umuwi_Lanzones_Sapling_Description}}",
			    "Type": "Basic",
			    "Category": -74,
			    "Price": 5000,
			    "Texture": "LASV/Objects",
			    "SpriteIndex": 35,
			    "Edibility": -300,
			    "IsDrink": false,
			  },
			  	"LASV_Umuwi_Rambutan_Sapling": {
			    "Name": "Umuwi Rambutan Sapling",
			    "DisplayName": "{{i18n:LASV_Umuwi_Rambutan_Sapling}}",
			    "Description": "{{i18n:LASV_Umuwi_Rambutan_Sapling_Description}}",
			    "Type": "Basic",
			    "Category": -74,
			    "Price": 7000,
			    "Texture": "LASV/Objects",
			    "SpriteIndex": 36,
			    "Edibility": -300,
			    "IsDrink": false,
			  }
			},
		},

	]
}