{
  "Name": "Umuwi Makahiya",
  "Description": "A thorny flower with leaves shutting close whenever it is touched.",
  "Category": "Flower",
  "Edibility": 5,
	"EdibleBuffs": {
    "Farming": 0,
    "Fishing": 0,
    "Mining": 0,
    "Luck": 0,
	"Foraging": 0,
	"MaxStamina": 1,
    "MagnetRadius": 0,
	"Speed": 0,
	"Defense": 0,
	"Attack": 0,
    "Duration": 30,
	},
  "Price": 90,
  "IsColored": false,
  "Recipe": null,
  "GiftTastes":
  {
  "Love": ["Wizard", "Krobus"],
  "Like": ["Alex", "Caroline", "Clint", "Demetrius", "Dwarf", "Elliott", "Emily", "Evelyn", "George", "Jodi", "Kent", "Leah", "Linus", "Marnie", "Maru", "Pam", "Penny", "Pierre", "Robin", "Sandy", "Shane", "Willy","Lewis", "Abigail", "Haley", "Jas", "Sam", "Sebastian", "Vincent"],
  },
}