{
    "Name": "Pale Berry Plant",
    "Product": "Pale Berry",
    "SeedName": "Pale Berry Seeds",
    "SeedDescription": "Plant in spring. Takes 6 days to produce Pale Berries and regrows after harvest.",
    "Type": "Fruit",

    "Seasons": ["spring"],
    "Phases": [1, 2, 1, 2, 3],
    "RegrowthPhase": 6,
    "HarvestWithScythe": false,
    "TrellisCrop": false,
    "Colors": null,
    "Bonus":
    {
        "MinimumPerHarvest": 3,
        "MaximumPerHarvest": 3,
        "MaxIncreasePerFarmLevel": 10,
        "ExtraChance": 0.3,
    },
    "SeedPurchaseFrom": "Oddi",
    "SeedPurchasePrice": 110,
    "SeedNameLocalization":
    {
        
    },
    "SeedDescriptionLocalization":
    {
        
    }
}
