{
	"Name": "LuckyMint",
	"Description": "A mint candy imbued with Lunna's ancient magic. It increases luck dramatically for a short period of time.",
	"Category": "Crafting",
	"Edibility": 5,
	"EdibleIsDrink": false,
	"EdibleBuffs": {
    "Farming": 0,
    "Fishing": 0,
    "Mining": 0,
    "Luck": 15,
	"Foraging": 0,
	"MaxStamina": 0,
    "MagnetRadius": 0,
	"Speed": 0,
	"Defense": 0,
	"Attack": 0,
    "Duration": 10,
	},
	"Price": 10,
	"IsColored": false,
	"GiftTastes":
	{
		"Love": ["Lunna"],
	},

  "Recipe": {
    "ResultCount": 1,
    "Ingredients": [
      {
        "Object": "Serafin",
        "Count": 1,
      },
      {
        "Object": "Pale Berry",
        "Count": 7,
      },
    ],
	},

	"NameLocalization":
	{
		//
	},
	"DescriptionLocalization":
	{
		//
	},
}
