{
	"Introduction": "Why a human! I have not seen one of you for years! Nice to meet you my name is Bellia.",

	//Dialogues	
	"Mon": "Oh hello there young human.",
	"Tue": "Tell me @. Are the mines still inhabited?$s",
	"Wed": "Umuwi has been here for 153 years. Usually a peaceful place.",
	"Thu": "Other creatures sometimes invade Umuwi.$3#$b#Thankfully we can defend ourselves just fine.$h",
	"Fri": "Oh hey human. Want some tea?",
	"Sat": "I think I shall keep it easy today.",
	"Sun": "I miss my late husband...$s",

}