{
    "Name": "Ghost Cabbage Plant",
    "Product": "Ghost Cabbage",
    "SeedName": "Ghost Cabbage Seeds",
    "SeedDescription": "Plant in fall. Takes 8 days to produce Ghost Cabbage.",
    "Type": "Vegetable",

    "Seasons": ["fall"],
    "Phases": [3, 2, 2, 1],
    "RegrowthPhase": -1,
    "HarvestWithScythe": false,
    "TrellisCrop": false,
    "Colors": null,
    "Bonus":
    {
        "MinimumPerHarvest": 1,
        "MaximumPerHarvest": 1,
        "MaxIncreasePerFarmLevel": 10,
        "ExtraChance": 0.3,
    },
    "SeedPurchaseFrom": "Oddi",
    "SeedPurchasePrice": 100,
    "SeedNameLocalization":
    {
        
    },
    "SeedDescriptionLocalization":
    {
        
    }
}
