{
    "Name": "Eggroot Plant",
    "Product": "Eggroot",
    "SeedName": "Eggroot Seeds",
    "SeedDescription": "Plant in spring. Takes 14 days to produce Eggroot.",
    "Type": "Vegetable",

    "Seasons": ["spring"],
    "Phases": [4, 4, 5, 1],
    "RegrowthPhase": -1,
    "HarvestWithScythe": false,
    "TrellisCrop": false,
    "Colors": null,
    "Bonus":
    {
        "MinimumPerHarvest": 1,
        "MaximumPerHarvest": 1,
        "MaxIncreasePerFarmLevel": 10,
        "ExtraChance": 0.0,
    },
    "SeedPurchaseFrom": "Oddi",
    "SeedPurchasePrice": 180,
    "SeedNameLocalization":
    {
        
    },
    "SeedDescriptionLocalization":
    {
        
    }
}
