{
	"Name": "Umuwi Mash",
	"Description": "A spicy, starchy mash good for a cold winter day!",
	"Category": "Cooking",
	"Edibility": 80,
	"EdibleIsDrink": false,
	"EdibleBuffs": {
    "Farming": 2,
    "Fishing": 0,
    "Mining": 2,
    "Luck": 0,
	"Foraging": 0,
	"MaxStamina": 5,
    "MagnetRadius": 0,
	"Speed": 0,
	"Defense": 0,
	"Attack": 3,
    "Duration": 300,
	},
	"Price": 300,
	"IsColored": false,
	"GiftTastes":
	{
		"Love": ["Gus", "Raphael", "Dianna", "Alex", "Elliot", "Shane", "Harvey,"],
	},

  "Recipe": {
    "ResultCount": 1,
    "Ingredients": [
      {
        "Object": "Thorn Pepper",
        "Count": 5,
      },
      {
        "Object": "Eggroot",
        "Count": 3,
      },
    ],
	"CanPurchase": true,
        "PurchaseFrom": "STF.OddiShop",
        "PurchasePrice": 5000,
		"PurchaseRequirements": [ "f Raphael 2000" ]
	
	},

	"NameLocalization":
	{
		//
	},
	"DescriptionLocalization":
	{
		//
	},
}
