{
    "Name": "Sour Potato Plant",
    "Product": "Sour Potato",
    "SeedName": "Sour Potato Seeds",
    "SeedDescription": "Plant in summer. Takes 8 days to produce Sour Potato.",
    "Type": "Vegetable",

    "Seasons": ["summer"],
    "Phases": [3, 2, 2, 1],
    "RegrowthPhase": -1,
    "HarvestWithScythe": false,
    "TrellisCrop": false,
    "Colors": null,
    "Bonus":
    {
        "MinimumPerHarvest": 1,
        "MaximumPerHarvest": 1,
        "MaxIncreasePerFarmLevel": 10,
        "ExtraChance": 0.6,
    },
    "SeedPurchaseFrom": "Oddi",
    "SeedPurchasePrice": 70,
    "SeedNameLocalization":
    {
        
    },
    "SeedDescriptionLocalization":
    {
        
    }
}
