{
	"Changes": [

		//Load Textures
		{
			"Action": "Load",
			"Target": "LASV/Crops",
			"FromFile": "assets/Crops/Crops.png"
		},

		//Add Crops
		{
			"Action": "EditData",
			"Target": "Data/Crops",
			"Entries": {
				"LASV_Eggroot_Seeds": {
				    "Seasons": [
				      "Spring"
				    ],
				    "DaysInPhase": [
				      4,
				      4,
				      5,
				      1
				    ],
				    "RegrowDays": -1,
				    "IsRaised": false,
				    "IsPaddyCrop": false,
				    "NeedsWatering": true,
				    "PlantableLocationRules": null,
				    "HarvestItemId": "(O)LASV_Eggroot",
				    "HarvestMinStack": 1,
				    "HarvestMaxStack": 1,
				    "HarvestMaxIncreasePerFarmingLevel": 10.0,
				    "ExtraHarvestChance": 0.0,
				    "HarvestMethod": "Grab",
				    "HarvestMinQuality": 0,
				    "HarvestMaxQuality": null,
				    "TintColors": [],
				    "Texture": "LASV/Crops",
				    "SpriteIndex": 0,
				    "CustomFields": {}
				  },
			  	"LASV_Ghost_Cabbage_Seeds": {
				    "Seasons": [
				      "Fall"
				    ],
				    "DaysInPhase": [
				      3,
				      2,
				      2,
				      1
				    ],
				    "RegrowDays": -1,
				    "IsRaised": false,
				    "IsPaddyCrop": false,
				    "NeedsWatering": true,
				    "PlantableLocationRules": null,
				    "HarvestItemId": "(O)LASV_Ghost_Cabbage",
				    "HarvestMinStack": 1,
				    "HarvestMaxStack": 1,
				    "HarvestMaxIncreasePerFarmingLevel": 10.0,
				    "ExtraHarvestChance": 0.3,
				    "HarvestMethod": "Grab",
				    "HarvestMinQuality": 0,
				    "HarvestMaxQuality": null,
				    "TintColors": [],
				    "Texture": "LASV/Crops",
				    "SpriteIndex": 1,
				    "CustomFields": {}
				  },
			  	"LASV_Pale_Berry_Seeds": {
				    "Seasons": [
				      "Spring"
				    ],
				    "DaysInPhase": [
				      1,
				      2,
				      1,
				      2,
				      3
				    ],
				    "RegrowDays": 6,
				    "IsRaised": false,
				    "IsPaddyCrop": false,
				    "NeedsWatering": true,
				    "PlantableLocationRules": null,
				    "HarvestItemId": "(O)LASV_Pale_Berry",
				    "HarvestMinStack": 3,
				    "HarvestMaxStack": 3,
				    "HarvestMaxIncreasePerFarmingLevel": 10.0,
				    "ExtraHarvestChance": 0.3,
				    "HarvestMethod": "Grab",
				    "HarvestMinQuality": 0,
				    "HarvestMaxQuality": null,
				    "TintColors": [],
				    "Texture": "LASV/Crops",
				    "SpriteIndex": 2,
				    "CustomFields": {}
				  },
			  	"LASV_Sour_Potato_Seeds": {
				    "Seasons": [
				      "Summer"
				    ],
				    "DaysInPhase": [
				      3,
				      2,
				      2,
				      1
				    ],
				    "RegrowDays": -1,
				    "IsRaised": false,
				    "IsPaddyCrop": false,
				    "NeedsWatering": true,
				    "PlantableLocationRules": null,
				    "HarvestItemId": "(O)LASV_Sour_Potato",
				    "HarvestMinStack": 1,
				    "HarvestMaxStack": 1,
				    "HarvestMaxIncreasePerFarmingLevel": 10.0,
				    "ExtraHarvestChance": 0.6,
				    "HarvestMethod": "Grab",
				    "HarvestMinQuality": 0,
				    "HarvestMaxQuality": null,
				    "TintColors": [],
				    "Texture": "LASV/Crops",
				    "SpriteIndex": 3,
				    "CustomFields": {}
				  },
			  	"LASV_Thorn_Pepper_Seeds": {
				    "Seasons": [
				      "Summer"
				    ],
				    "DaysInPhase": [
				      1,
				      2,
				      3,
				      4,
				      1
				    ],
				    "RegrowDays": 6,
				    "IsRaised": false,
				    "IsPaddyCrop": false,
				    "NeedsWatering": true,
				    "PlantableLocationRules": null,
				    "HarvestItemId": "(O)LASV_Thorn_Pepper",
				    "HarvestMinStack": 1,
				    "HarvestMaxStack": 2,
				    "HarvestMaxIncreasePerFarmingLevel": 10.0,
				    "ExtraHarvestChance": 0.5,
				    "HarvestMethod": "Grab",
				    "HarvestMinQuality": 0,
				    "HarvestMaxQuality": null,
				    "TintColors": [],
				    "Texture": "LASV/Crops",
				    "SpriteIndex": 4,
				    "CustomFields": {}
				  }
			}	
		},

	]
}