{
	"Introduction": "WOAH! A HUMAN!#$b#Hiya! My name's Gellos! Come let's play!$h",

	//Dialogues	
	"Mon": "Big bro Gabbi is real kind!#$b#He also is a very good brother!$h",
	"Tue": "I hate that Dianna's always busy!$3#$b#I wish Lunna were here to play with me..$s",
	"Wed": "@! @! @! LETS PLAY!$h",
	"Thu": "I love eating rambutans! They yummy!$h",
	"Fri": "I miss big sis Lunna! When will she visit again?$s",
	"Sat": "Big sis Lunna, Dianna, Antiun, Bianka, and Yvenn played with me today!#$b#IM SO HAPPY!$h",
	"Sun": "Flowers are real pretty! But big sis Lunna is even prettier!",

}