{
  "Name": "Umuwi Aster",
  "Description": "A local fall flower that blooms in Umuwi. Comes in many colors.",
  "Category": "Flower",
  "Edibility": 5,
	"EdibleBuffs": {
    "Farming": 0,
    "Fishing": 0,
    "Mining": 0,
    "Luck": 1,
	"Foraging": 1,
	"MaxStamina": 0,
    "MagnetRadius": 0,
	"Speed": 0,
	"Defense": 0,
	"Attack": 0,
    "Duration": 30,
	},
  "Price": 50,
  "IsColored": true,
  "Recipe": null,
  "GiftTastes":
  {
  "Love": ["Penny", "Lunna", "Haley", "Abigail", "Maru", "Sebastian", "Krobus", "Bianka"],
  "Like": ["Alex", "Caroline", "Clint", "Demetrius", "Dwarf", "Elliott", "Emily", "Evelyn", "George", "Jodi", "Kent", "Krobus", "Leah", "Linus", "Marnie", "Maru", "Pam", "Penny", "Pierre", "Robin", "Sandy", "Shane", "Willy", "Wizard","Lewis","Abigail", "Haley", "Jas", "Sam", "Sebastian", "Vincent"],
  },
}