{

	//Day Specific
	"spring": "700 Custom_LASV_BiankaHouse 8 4 0/900 Custom_LASV_RaphaelShop 16 10 2/1100 Custom_LASV_ReenusHouse 14 7 0/1300 Custom_LASV_Umuwi 95 37 1 bianka_dance/2000 Custom_LASV_BiankaHouse 9 7 3 bianka_sleep",
	"Tue": "700 Custom_LASV_Umuwi 89 13 2/800 Custom_LASV_DiannaHouse 3 10 1/1100 Custom_LASV_Umuwi 14 35 2/1400 Custom_LASV_Umuwi 43 33 2/1700 Custom_LASV_BiankaHouse 3 12 1/2200 Custom_LASV_BiankaHouse 9 7 3 bianka_sleep",
	"Wed": "700 Custom_LASV_Umuwi 22 23 2/1000 Custom_LASV_Umuwi 39 8 3/1300 Custom_LASV_Umuwi 61 18 2/1500 Custom_LASV_Umuwi 54 40 3/1700 Custom_LASV_ReenusHouse 14 7 0/2000 Custom_LASV_BiankaHouse 9 7 3 bianka_sleep",
	"Thu": "700 Custom_LASV_Umuwi 89 13 2/800 Custom_LASV_DiannaHouse 3 10 1/1100 Custom_LASV_Umuwi 14 35 2/1400 Custom_LASV_Umuwi 43 33 2/1700 Custom_LASV_BiankaHouse 3 12 1/2200 Custom_LASV_BiankaHouse 9 7 3 bianka_sleep",
	"Sat":  "700 Custom_LASV_Umuwi 22 23 2/1000 Custom_LASV_Umuwi 39 8 3/1300 Custom_LASV_Umuwi 61 18 2/1500 Custom_LASV_Umuwi 54 40 3/1700 Custom_LASV_ReenusHouse 14 7 0/2000 Custom_LASV_BiankaHouse 9 7 3 bianka_sleep",
	
	//Rain
	"rain": "610 Custom_LASV_BiankaHouse 8 4 0/800 Custom_LASV_Umuwi 95 50 0/1300 Custom_LASV_RaphaelShop 16 10 2/2000 Custom_LASV_BiankaHouse 9 7 3 bianka_sleep",
}