{
  "Name": "Umuwi Badak",
  "Description": "An ovate orange yam. Has a sweet flavor with a touch of chestnut.",
  "Category": "Vegetable",
  "Edibility": 10,
	"EdibleBuffs": {
    "Farming": 1,
    "Fishing": 1,
    "Mining": 0,
    "Luck": 0,
	"Foraging": 0,
	"MaxStamina": 0,
    "MagnetRadius": 0,
	"Speed": 0,
	"Defense": 0,
	"Attack": 0,
    "Duration": 30,
	},
  "Price": 60,
  "IsColored": false,
  "Recipe": null,
  "GiftTastes":
  {
  "Love": ["Raphael", "Dianna", "Bianka", "Lewis", "Gus", "Jodi"],
  "Like": ["Alex", "Caroline", "Clint", "Demetrius", "Dwarf", "Elliott", "Emily", "Evelyn", "George", "Kent", "Krobus", "Leah", "Linus", "Marnie", "Maru", "Pam", "Penny", "Pierre", "Robin", "Sandy", "Shane", "Willy", "Wizard","Abigail", "Haley", "Jas", "Sam", "Sebastian", "Vincent"],
  },
}