{
	"Changes": [
		//Fishes----------------------------------------------------
		{
			"Action": "EditData",
			"Target": "Data/Locations",
			"Entries": {
				"Custom_LASV_Umuwi": "-1/-1/-1/-1/{{spacechase0.JsonAssets/ObjectId:Umuwi Carp}} -1 {{spacechase0.JsonAssets/ObjectId:Purple Spotted Trout}} -1 {{spacechase0.JsonAssets/ObjectId:Relicantlette}} -1 {{spacechase0.JsonAssets/ObjectId:Dewdrop Fish}} -1 {{spacechase0.JsonAssets/ObjectId:Serafin}} -1/{{spacechase0.JsonAssets/ObjectId:Umuwi Carp}} -1 {{spacechase0.JsonAssets/ObjectId:Purple Spotted Trout}} -1 {{spacechase0.JsonAssets/ObjectId:Relicantlette}} -1 {{spacechase0.JsonAssets/ObjectId:Dewdrop Fish}} -1 {{spacechase0.JsonAssets/ObjectId:Serafin}} -1/{{spacechase0.JsonAssets/ObjectId:Umuwi Carp}} -1 {{spacechase0.JsonAssets/ObjectId:Purple Spotted Trout}} -1 {{spacechase0.JsonAssets/ObjectId:Relicantlette}} -1 {{spacechase0.JsonAssets/ObjectId:Dewdrop Fish}} -1 {{spacechase0.JsonAssets/ObjectId:Serafin}} -1/{{spacechase0.JsonAssets/ObjectId:Umuwi Carp}} -1 {{spacechase0.JsonAssets/ObjectId:Purple Spotted Trout}} -1 {{spacechase0.JsonAssets/ObjectId:Relicantlette}} -1 {{spacechase0.JsonAssets/ObjectId:Dewdrop Fish}} -1 {{spacechase0.JsonAssets/ObjectId:Serafin}} -1/-1",
				"Custom_LASV_LunnaLake": "-1/-1/-1/-1/{{spacechase0.JsonAssets/ObjectId:Umuwi Carp}} -1 {{spacechase0.JsonAssets/ObjectId:Purple Spotted Trout}} -1 {{spacechase0.JsonAssets/ObjectId:Relicantlette}} -1 {{spacechase0.JsonAssets/ObjectId:Dewdrop Fish}} -1 {{spacechase0.JsonAssets/ObjectId:Serafin}} -1/{{spacechase0.JsonAssets/ObjectId:Umuwi Carp}} -1 {{spacechase0.JsonAssets/ObjectId:Purple Spotted Trout}} -1 {{spacechase0.JsonAssets/ObjectId:Relicantlette}} -1 {{spacechase0.JsonAssets/ObjectId:Dewdrop Fish}} -1 {{spacechase0.JsonAssets/ObjectId:Serafin}} -1/{{spacechase0.JsonAssets/ObjectId:Umuwi Carp}} -1 {{spacechase0.JsonAssets/ObjectId:Purple Spotted Trout}} -1 {{spacechase0.JsonAssets/ObjectId:Relicantlette}} -1 {{spacechase0.JsonAssets/ObjectId:Dewdrop Fish}} -1 {{spacechase0.JsonAssets/ObjectId:Serafin}} -1/{{spacechase0.JsonAssets/ObjectId:Umuwi Carp}} -1 {{spacechase0.JsonAssets/ObjectId:Purple Spotted Trout}} -1 {{spacechase0.JsonAssets/ObjectId:Relicantlette}} -1 {{spacechase0.JsonAssets/ObjectId:Dewdrop Fish}} -1 {{spacechase0.JsonAssets/ObjectId:Serafin}} -1/-1",
				"Custom_LASV_FallsCave": "-1/-1/-1/-1/{{spacechase0.JsonAssets/ObjectId:Umuwi Carp}} -1 {{spacechase0.JsonAssets/ObjectId:Purple Spotted Trout}} -1 {{spacechase0.JsonAssets/ObjectId:Relicantlette}} -1 {{spacechase0.JsonAssets/ObjectId:Dewdrop Fish}} -1 {{spacechase0.JsonAssets/ObjectId:Serafin}} -1/{{spacechase0.JsonAssets/ObjectId:Umuwi Carp}} -1 {{spacechase0.JsonAssets/ObjectId:Purple Spotted Trout}} -1 {{spacechase0.JsonAssets/ObjectId:Relicantlette}} -1 {{spacechase0.JsonAssets/ObjectId:Dewdrop Fish}} -1 {{spacechase0.JsonAssets/ObjectId:Serafin}} -1/{{spacechase0.JsonAssets/ObjectId:Umuwi Carp}} -1 {{spacechase0.JsonAssets/ObjectId:Purple Spotted Trout}} -1 {{spacechase0.JsonAssets/ObjectId:Relicantlette}} -1 {{spacechase0.JsonAssets/ObjectId:Dewdrop Fish}} -1 {{spacechase0.JsonAssets/ObjectId:Serafin}} -1/{{spacechase0.JsonAssets/ObjectId:Umuwi Carp}} -1 {{spacechase0.JsonAssets/ObjectId:Purple Spotted Trout}} -1 {{spacechase0.JsonAssets/ObjectId:Relicantlette}} -1 {{spacechase0.JsonAssets/ObjectId:Dewdrop Fish}} -1 {{spacechase0.JsonAssets/ObjectId:Serafin}} -1/-1",
				"Custom_LASV_LunnaWestForest": "-1/-1/-1/-1/{{spacechase0.JsonAssets/ObjectId:Dewdrop Fish}} -1/{{spacechase0.JsonAssets/ObjectId:Dewdrop Fish}} -1/{{spacechase0.JsonAssets/ObjectId:Dewdrop Fish}} -1/{{spacechase0.JsonAssets/ObjectId:Dewdrop Fish}} -1/-1"
			}
		},
		{
			"Action": "EditData",
			"Target": "Data/Fish",
			"Entries": {
				"{{spacechase0.JsonAssets/ObjectId:Purple Spotted Trout}}": "Purple Spotted Trout/80/mixed/5/30/700 1800/spring summer fall winter/both/683 .4/1/.3/.4/0",
				"{{spacechase0.JsonAssets/ObjectId:Relicantlette}}": "Relicantlette/20/mixed/1/12/700 1800/spring summer fall winter/both/683 .4/1/.6/.8/0",
				"{{spacechase0.JsonAssets/ObjectId:Dewdrop Fish}}": "Dewdrop Fish/20/mixed/3/10/700 1800/spring summer fall winter/both/683 .4/1/.6/.8/0",
				"{{spacechase0.JsonAssets/ObjectId:Serafin}}": "Serafin/50/mixed/8/20/700 1800/spring summer fall winter/both/683 .4/1/.3/.4/0",
				"{{spacechase0.JsonAssets/ObjectId:Umuwi Carp}}": "Umuwi Carp/90/mixed/30/50/1200 2600/spring summer fall winter/both/683 .4/1/.1/.2/0"
			},
		},
		//tags
		{
			"Action": "EditData",
			"Target": "Data/ObjectContextTags",
			"Entries": {
				"Purple Spotted Trout": "fish_purple_spotted_trout, color_purple",
				"Relicantlette": "fish_relicantlette, color_rose",
				"Dewdrop Fish": "fish_dewdrop_fish, color_violet",
				"Serafin": "fish_serafin, color_mauve",
				"Umuwi Carp": "fish_umuwi_carp, color_purple"
			}
		},
		//Fishpond
		{ //Purple Spotted Trout
			"Action": "EditData",
			"Target": "Data/FishPondData",
			"Entries": {
				"fish_purple_spotted_trout": {
					"RequiredTags": [
						"fish_purple_spotted_trout"
					],
					"SpawnTime": -1,
					"ProducedItems": [
						{
							"RequiredPopulation": 10,
							"Chance": 0.40,
							"ItemID": 66,
							"MinQuantity": 4,
							"MaxQuantity": 8
						},
						{
							"RequiredPopulation": 6,
							"Chance": 0.45,
							"ItemID": 66,
							"MinQuantity": 1,
							"MaxQuantity": 2
						},
						{
							"RequiredPopulation": 3,
							"Chance": 0.50,
							"ItemID": 66,
							"MinQuantity": 1,
							"MaxQuantity": 1
						},
						{
							"RequiredPopulation": 0,
							"Chance": 0.70,
							"ItemID": 774,
							"MinQuantity": 5,
							"MaxQuantity": 8
						}
					],
					"PopulationGates": {
						"2": [
							"176 2"
						],
						"4": [
							"296 2"
						],
						"8": [
							"66 2"
						],
					},
				},
			},
		},
		{ //Relicantlette
			"Action": "EditData",
			"Target": "Data/FishPondData",
			"Entries": {
				"fish_relicantlette": {
					"RequiredTags": [
						"fish_relicantlette"
					],
					"SpawnTime": -1,
					"ProducedItems": [
						{
							"RequiredPopulation": 10,
							"Chance": 0.40,
							"ItemID": 729,
							"MinQuantity": 2,
							"MaxQuantity": 4
						},
						{
							"RequiredPopulation": 6,
							"Chance": 0.45,
							"ItemID": 214,
							"MinQuantity": 2,
							"MaxQuantity": 2
						},
						{
							"RequiredPopulation": 3,
							"Chance": 0.50,
							"ItemID": 214,
							"MinQuantity": 1,
							"MaxQuantity": 1
						},
						{
							"RequiredPopulation": 0,
							"Chance": 0.70,
							"ItemID": 774,
							"MinQuantity": 2,
							"MaxQuantity": 4
						}
					],
					"PopulationGates": {
						"2": [
							"340 2"
						],
						"4": [
							"724 4"
						],
						"8": [
							"724 6"
						],
					},
				},
			},
		},
		{ //Dewdrop Fish
			"Action": "EditData",
			"Target": "Data/FishPondData",
			"Entries": {
				"fish_dewdrop_fish": {
					"RequiredTags": [
						"fish_dewdrop_fish"
					],
					"SpawnTime": -1,
					"ProducedItems": [
						{
							"RequiredPopulation": 10,
							"Chance": 0.40,
							"ItemID": 729,
							"MinQuantity": 2,
							"MaxQuantity": 4
						},
						{
							"RequiredPopulation": 6,
							"Chance": 0.45,
							"ItemID": 214,
							"MinQuantity": 2,
							"MaxQuantity": 2
						},
						{
							"RequiredPopulation": 3,
							"Chance": 0.50,
							"ItemID": 769,
							"MinQuantity": 1,
							"MaxQuantity": 1
						},
						{
							"RequiredPopulation": 0,
							"Chance": 0.70,
							"ItemID": 774,
							"MinQuantity": 2,
							"MaxQuantity": 5
						}
					],
					"PopulationGates": {
						"2": [
							"340 2"
						],
						"4": [
							"724 4"
						],
						"8": [
							"724 6"
						],
					},
				},
			},
		},
		{ //Serafin
			"Action": "EditData",
			"Target": "Data/FishPondData",
			"Entries": {
				"fish_serafin": {
					"RequiredTags": [
						"fish_serafin"
					],
					"SpawnTime": -1,
					"ProducedItems": [
						{
							"RequiredPopulation": 10,
							"Chance": 0.40,
							"ItemID": 595,
							"MinQuantity": 2,
							"MaxQuantity": 4
						},
						{
							"RequiredPopulation": 6,
							"Chance": 0.45,
							"ItemID": 548,
							"MinQuantity": 2,
							"MaxQuantity": 2
						},
						{
							"RequiredPopulation": 3,
							"Chance": 0.50,
							"ItemID": 60,
							"MinQuantity": 1,
							"MaxQuantity": 1
						},
						{
							"RequiredPopulation": 0,
							"Chance": 0.70,
							"ItemID": 68,
							"MinQuantity": 2,
							"MaxQuantity": 5
						}
					],
					"PopulationGates": {
						"2": [
							"60 1"
						],
						"4": [
							"724 4"
						],
						"8": [
							"18 6"
						],
					},
				},
			},
		},
		{ //Umuwi Carp
			"Action": "EditData",
			"Target": "Data/FishPondData",
			"Entries": {
				"fish_umuwi_carp": {
					"RequiredTags": [
						"fish_umuwi_carp"
					],
					"SpawnTime": -1,
					"ProducedItems": [
						{
							"RequiredPopulation": 10,
							"Chance": 0.01,
							"ItemID": 499,
							"MinQuantity": 1,
							"MaxQuantity": 2
						},
						{
							"RequiredPopulation": 6,
							"Chance": 0.01,
							"ItemID": 347,
							"MinQuantity": 1,
							"MaxQuantity": 1
						},
						{
							"RequiredPopulation": 3,
							"Chance": 0.05,
							"ItemID": 72,
							"MinQuantity": 1,
							"MaxQuantity": 1
						},
						{
							"RequiredPopulation": 0,
							"Chance": 0.70,
							"ItemID": 812,
							"MinQuantity": 1,
							"MaxQuantity": 1
						}
					],
					"PopulationGates": {
						"2": [
							"305 1"
						],
						"4": [
							"769 4"
						],
						"8": [
							"72 6"
						],
					}
				}
			}
		},
		{
			"Action": "EditData",
			"Target": "Data/FishPondData",
			"MoveEntries": [
				{
					"ID": "fish_purple_spotted_trout",
					"ToPosition": "Top"
				},
				{
					"ID": "fish_relicantlette",
					"AfterID": "fish_purple_spotted_trout"
				},
				{
					"ID": "fish_dewdrop_fish",
					"AfterID": "fish_relicantlette"
				},
				{
					"ID": "fish_serafin",
					"AfterID": "fish_dewdrop_fish"
				},
				{
					"ID": "fish_umuwi_carp",
					"AfterID": "fish_serafin"
				}
			]
		},
		{
			"LogName": "Aquarium Data",
			"Action": "EditData",
			"Target": "Data/AquariumFish",
			"Entries": {
				"{{spacechase0.JsonAssets/ObjectId:Umuwi Carp}}": "124/fish",
				"{{spacechase0.JsonAssets/ObjectId:Serafin}}": "125/fish",
				"{{spacechase0.JsonAssets/ObjectId:Relicantlette}}": "126/fish",
				"{{spacechase0.JsonAssets/ObjectId:Purple Spotted Trout}}": "127/fish",
				"{{spacechase0.JsonAssets/ObjectId:Dewdrop Fish}}": "128/fish"
			}
		},
		{
			"LogName": "Aquarium Sprites",
			"Action": "EditImage",
			"Target": "LooseSprites/AquariumFish",
			"FromFile": "assets/Umuwi_aquarium_fish.png",
			"ToArea": {
				"X": 96,
				"Y": 288,
				"Width": 120,
				"Height": 48
			}
		},
	]
}