{
	"Changes": [
		//Custom Warps
		{
			"Action": "EditMap",
			"Target": "Maps/Custom_LASV_LunnaWestForest",
			"AddWarps": [
				"27 13 Forest 1 35",
				"27 14 Forest 1 36",
				"27 15 Forest 1 37",
				"27 16 Forest 1 38",
				"27 17 Forest 1 39",
				"22 11 Custom_LASV_FallsCave 15 7"
			]
		},
		{
			"Action": "EditMap",
			"Target": "Maps/Custom_LASV_LunnaHouse",
			"AddWarps": [
				"7 11 Custom_LASV_LunnaWestForest 11 10"
			]
		},
		{
			"Action": "EditMap",
			"Target": "Maps/Custom_LASV_FallsCave",
			"AddWarps": [
				"15 19 Custom_LASV_Umuwi 106 12",
        		"15 6 Custom_LASV_LunnaWestForest 22 12"
			]
		},
		{
			"Action": "EditMap",
			"Target": "Maps/Custom_LASV_DiannaHouse",
			"AddWarps": [
				"5 14 Custom_LASV_Umuwi 60 31"
			]
		},
		{
			"Action": "EditMap",
			"Target": "Maps/Custom_LASV_GabbiHouse",
			"AddWarps": [
				"5 11 Custom_LASV_Umuwi 53 22"
			]
		},
		{
			"Action": "EditMap",
			"Target": "Maps/Custom_LASV_ReenusHouse",
			"AddWarps": [
				"9 11 Custom_LASV_Umuwi 45 16"
			]
		},
		{
			"Action": "EditMap",
			"Target": "Maps/Custom_LASV_LaarniHouse",
			"AddWarps": [
				"15 11 Custom_LASV_Umuwi 37 23"
			]
		},
		{
			"Action": "EditMap",
			"Target": "Maps/Custom_LASV_BiankaHouse",
			"AddWarps": [
				"5 14 Custom_LASV_Umuwi 28 28"
			]
		},
		{
			"Action": "EditMap",
			"Target": "Maps/Custom_LASV_RaphaelShop",
			"AddWarps": [
				"9 11 Custom_LASV_Umuwi 15 33"
			]
		},
		{
			"Action": "EditMap",
			"Target": "Maps/Custom_LASV_OddiHouse",
			"AddWarps": [
				"5 11 Custom_LASV_Umuwi 36 40"
			]
		},
		{
			"Action": "EditMap",
			"Target": "Maps/Custom_LASV_Umuwi",
			"AddWarps": [
				"92 27 Custom_LASV_LunnaLake 14 16",
				"93 27 Custom_LASV_LunnaLake 15 16",
				"106 11 Custom_LASV_FallsCave 15 18"
			]
		},
		{
			"Action": "EditMap",
			"Target": "Maps/Custom_LASV_LunnaLake",
			"AddWarps": [
				"14 15 Custom_LASV_Umuwi 92 28",
			]
		},
		{
			"Action": "EditMap",
			"Target": "Maps/Custom_LASV_DiannaGreenhouse",
			"AddWarps": [
				"18 44 Custom_LASV_Umuwi 69 32"
			]
		},
		{
			"Action": "EditMap",
			"Target": "Maps/Custom_LASV_BiankaDate",
			"AddWarps": [
				"0 0 BusStop -10 -10"
			]
		},
		{
			"Action": "EditMap",
			"Target": "Maps/Forest",
			"AddWarps": [
				"-1 35 Custom_LASV_LunnaWestForest 25 13",
				"-1 36 Custom_LASV_LunnaWestForest 25 14",
				"-1 37 Custom_LASV_LunnaWestForest 25 15",
				"-1 38 Custom_LASV_LunnaWestForest 25 16",
				"-1 39 Custom_LASV_LunnaWestForest 25 17",
			]
		},

		//Edit or merge maps
		/*{
			"Action": "EditMap",
			"Target": "Maps/Forest",
			"FromFile": "assets/Maps/LunnaLakeEntrance.tbin",
			"FromArea": { "X": 0, "Y": 0, "Width": 6, "Height": 7},
			"ToArea": { "X": 3, "Y": 0, "Width": 6, "Height": 7}
		},*/
		{
			"Action": "EditMap",
			"Target": "Maps/Custom_LASV_LunnaHouse",
			"FromFile": "assets/Maps/LunnaHouseInteriorFixed.tbin",
			"FromArea": { "X": 0, "Y": 0, "Width": 15, "Height": 11},
			"ToArea": { "X": 0, "Y": 0, "Width": 15, "Height": 11},
			"When": {
				"HasSeenEvent": "75160003"
			}
		},
		{
			"Action": "EditMap",
			"Target": "Maps/Custom_LASV_LunnaLake",
			"FromFile": "assets/Maps/LunnaLakeOpen.tbin",
			"FromArea": { "X": 13, "Y": 14, "Width": 3, "Height": 3},
			"ToArea": { "X": 13, "Y": 14, "Width": 3, "Height": 3},
			"When": {
				"HasSeenEvent": "75160009"
			}
		},
		{
			"Action": "EditMap",
			"Target": "Maps/Custom_LASV_LunnaLake",
			"FromFile": "assets/Maps/LunnaLakeOpen.tbin",
			"FromArea": { "X": 13, "Y": 14, "Width": 3, "Height": 3},
			"ToArea": { "X": 13, "Y": 14, "Width": 3, "Height": 3},
			"When": {
				"HasSeenEvent": "75160013"
			}
		},
		{
			"Action": "EditMap",
			"Target": "Maps/Custom_LASV_FallsCave",
			"FromFile": "assets/Maps/FallsCaveOpen.tbin",
			"FromArea": { "X": 14, "Y": 4, "Width": 3, "Height": 8},
			"ToArea": { "X": 14, "Y": 4, "Width": 3, "Height": 8},
			"When": {
				"HasSeenEvent": "75160021"
			}
		},
		{
			"Action": "EditMap",
			"Target": "Maps/Custom_LASV_LunnaWestForest",
			"FromFile": "assets/Maps/LunnaWestForestOpen.tbin",
			"FromArea": { "X": 21, "Y": 9, "Width": 3, "Height": 5},
			"ToArea": { "X": 21, "Y": 9, "Width": 3, "Height": 5},
			"When": {
				"HasSeenEvent": "75160021"
			}
		},
		{
			"Action": "EditMap",
			"Target": "Maps/Custom_LASV_Umuwi",
			"FromFile": "assets/Maps/UmuwiDiannaGreenhouseOpen.tbin",
			"FromArea": { "X": 0, "Y": 0, "Width": 1, "Height": 3},
			"ToArea": { "X": 69, "Y": 30, "Width": 1, "Height": 3},
			"When": {
				"HasSeenEvent": "75160035"
			}
		},

		//Load Tilesheets-------------------------------------------
		{
			"LogName": "Tilesheets",
			"Action": "Load",
			"Target": "Maps/spring_Umuwi,Maps/summer_Umuwi,/Maps/fall_Umuwi,/Maps/winter_Umuwi",
			"FromFile": "assets/Maps/{{TargetWithoutPath}}.png"
		},	

		//Umuwi Colors
		{
			"LogName": "Change Umuwi Colors",
			"Action": "EditImage",
			"Target": "Maps/{{Season}}_outdoorsTileSheet",
			"FromFile": "assets/UmuwiColors/{{Season}}_outdoorsTileSheet.png",
			"When": {
				"UmuwiColors": "true", "LocationName": "Custom_LASV_Umuwi"
			},
			"Update": "OnLocationChange"
		},

		//Birds
		{
			"LogName": "Add bird part 1",
			"Action": "EditImage",
			"Target": "TileSheets/Critters",
			"FromFile": "assets/UmuwiBirds.png",
			"FromArea": {
				"X": 0,
				"Y": 0,
				"Width": 160,
				"Height": 32
			},
			"ToArea": {
				"X": 160,
				"Y": 64,
				"Width": 160,
				"Height": 32
			},
			"When": {
				"LocationName": "Custom_LASV_Umuwi"
			},
			"Update": "OnLocationChange"
		},
		{
			"LogName": "Add bird part 2",
			"Action": "EditImage",
			"Target": "TileSheets/Critters",
			"FromFile": "assets/UmuwiBirds.png",
			"FromArea": {
				"X": 160,
				"Y": 0,
				"Width": 128,
				"Height": 32
			},
			"ToArea": {
				"X": 0,
				"Y": 96,
				"Width": 128,
				"Height": 32
			},
			"When": {
				"LocationName": "Custom_LASV_Umuwi"
			},
			"Update": "OnLocationChange"
		},
		{
			"LogName": "Replace crested blue bird part 1",
			"Action": "EditImage",
			"Target": "TileSheets/Critters",
			"FromFile": "assets/UmuwiBirds.png",
			"FromArea": {
				"X": 0,
				"Y": 32,
				"Width": 160,
				"Height": 32
			},
			"ToArea": {
				"X": 160,
				"Y": 128,
				"Width": 160,
				"Height": 32
			},
			"When": {
				"LocationName": "Custom_LASV_Umuwi"
			},
			"Update": "OnLocationChange"
		},
		{
			"LogName": "Replace crested blue bird part 2",
			"Action": "EditImage",
			"Target": "TileSheets/Critters",
			"FromFile": "assets/UmuwiBirds.png",
			"FromArea": {
				"X": 160,
				"Y": 32,
				"Width": 128,
				"Height": 32
			},
			"ToArea": {
				"X": 0,
				"Y": 160,
				"Width": 128,
				"Height": 32
			},
			"When": {
				"LocationName": "Custom_LASV_Umuwi"
			},
			"Update": "OnLocationChange"
		},
	]
}