{
	"Changes": [
		//Lunna
		{
			"Action": "EditData",
			"Target": "Data/ConcessionTastes",
			"Entries": {
				"Lunna": {
					"Name": "Lunna",
					"LovedTags": [
						"Gourmet",
						"Healthy"
					],
					"LikedTags": [
						"Sweet",
						"popcorn",
						"Candy"
					],
					"DislikedTags": [
						"Jasmine Tea",
						"Salty"
					]
				},
			},
		},
		{
			"Action": "EditData",
			"Target": "Data/MoviesReactions",
			"Entries": {
				"Lunna": {
					"NPCName": "Lunna",
					"Reactions": [
						{
							"Tag": "romance",
							"Response": "love",
							"Whitelist": [],
							"SpecialResponses": null,
							"ID": "reaction_0"
						},
						{
							"Tag": "action",
							"Response": "like",
							"Whitelist": [],
							"SpecialResponses": null,
							"ID": "reaction_1"
						},
						{
							"Tag": "winter_movie_1",
							"Response": "like",
							"Whitelist": [],
							"SpecialResponses": {
								"BeforeMovie": {
									"ResponsePoint": null,
									"Script": "",
									"Text": "{{i18n:Lunna.movies.1}}"
								},
								"DuringMovie": {
									"ResponsePoint": null,
									"Script": "",
									"Text": "{{i18n:Lunna.movies.2}}"
								},
								"AfterMovie": {
									"ResponsePoint": null,
									"Script": "",
									"Text": "{{i18n:Lunna.movies.3}}"
								}
							},
							"ID": "reaction_2"
						},
						{
							"Tag": "fall_movie_0",
							"Response": "like",
							"Whitelist": [],
							"SpecialResponses": {
								"BeforeMovie": {
									"ResponsePoint": null,
									"Script": "",
									"Text": "{{i18n:Lunna.movies.4}}"
								},
								"DuringMovie": {
									"ResponsePoint": null,
									"Script": "",
									"Text": "{{i18n:Lunna.movies.5}}"
								},
								"AfterMovie": {
									"ResponsePoint": null,
									"Script": "",
									"Text": "{{i18n:Lunna.movies.6}}"
								}
							},
							"ID": "reaction_3"
						},
						{
							"Tag": "love",
							"Response": "like",
							"Whitelist": [],
							"SpecialResponses": {
								"BeforeMovie": {
									"ResponsePoint": null,
									"Script": "",
									"Text": "{{i18n:Lunna.movies.7}}"
								},
								"DuringMovie": {
									"ResponsePoint": null,
									"Script": "/shake Lunna 3000/pause 500/message \"{{i18n:Lunna.movies.8}}\"",
									"Text": "{{i18n:Lunna.movies.9}}"
								},
								"AfterMovie": {
									"ResponsePoint": null,
									"Script": "",
									"Text": "{{i18n:Lunna.movies.10}}"
								}
							},
							"ID": "reaction_4"
						},
						{
							"Tag": "like",
							"Response": "like",
							"Whitelist": [],
							"SpecialResponses": {
								"BeforeMovie": {
									"ResponsePoint": null,
									"Script": "",
									"Text": "{{i18n:Lunna.movies.11}}"
								},
								"DuringMovie": null,
								"AfterMovie": {
									"ResponsePoint": null,
									"Script": "",
									"Text": "{{i18n:Lunna.movies.12}}"
								}
							},
							"ID": "reaction_5"
						},
						{
							"Tag": "dislike",
							"Response": "like",
							"Whitelist": [],
							"SpecialResponses": {
								"BeforeMovie": {
									"ResponsePoint": null,
									"Script": "",
									"Text": "{{i18n:Lunna.movies.13}}"
								},
								"DuringMovie": {
									"ResponsePoint": null,
									"Script": "",
									"Text": "{{i18n:Lunna.movies.14}}"
								},
								"AfterMovie": {
									"ResponsePoint": null,
									"Script": "",
									"Text": "{{i18n:Lunna.movies.15}}"
								}
							},
							"ID": "reaction_6"
						}
					]
				}
			}
		},


		//Dianna
		{
			"Action": "EditData",
			"Target": "Data/ConcessionTastes",
			"Entries": {
				"Dianna": {
					"Name": "Dianna",
					"LovedTags": [
						"Gourmet",
						"Healthy"
					],
					"LikedTags": [
						"Sweet",
						"popcorn",
						"Candy"
					],
					"DislikedTags": [
						"Jasmine Tea",
						"Salty"
					]
				},
			},
		},
		{
			"Action": "EditData",
			"Target": "Data/MoviesReactions",
			"Entries": {
				"Dianna": {
					"NPCName": "Dianna",
					"Reactions": [
						{
							"Tag": "romance",
							"Response": "love",
							"Whitelist": [],
							"SpecialResponses": null,
							"ID": "reaction_0"
						},
						{
							"Tag": "action",
							"Response": "like",
							"Whitelist": [],
							"SpecialResponses": null,
							"ID": "reaction_1"
						},
						{
							"Tag": "winter_movie_1",
							"Response": "like",
							"Whitelist": [],
							"SpecialResponses": {
								"BeforeMovie": {
									"ResponsePoint": null,
									"Script": "",
									"Text": "{{i18n:Dianna.movies.1}}"
								},
								"DuringMovie": {
									"ResponsePoint": null,
									"Script": "",
									"Text": "{{i18n:Dianna.movies.2}}"
								},
								"AfterMovie": {
									"ResponsePoint": null,
									"Script": "",
									"Text": "{{i18n:Dianna.movies.3}}"
								}
							},
							"ID": "reaction_2"
						},
						{
							"Tag": "fall_movie_0",
							"Response": "like",
							"Whitelist": [],
							"SpecialResponses": {
								"BeforeMovie": {
									"ResponsePoint": null,
									"Script": "",
									"Text": "{{i18n:Dianna.movies.4}}"
								},
								"DuringMovie": {
									"ResponsePoint": null,
									"Script": "",
									"Text": "{{i18n:Dianna.movies.5}}"
								},
								"AfterMovie": {
									"ResponsePoint": null,
									"Script": "",
									"Text": "{{i18n:Dianna.movies.6}}"
								}
							},
							"ID": "reaction_3"
						},
						{
							"Tag": "love",
							"Response": "like",
							"Whitelist": [],
							"SpecialResponses": {
								"BeforeMovie": {
									"ResponsePoint": null,
									"Script": "",
									"Text": "{{i18n:Dianna.movies.7}}"
								},
								"DuringMovie": {
									"ResponsePoint": null,
									"Script": "/shake Dianna 3000/pause 500/message \"{{i18n:Dianna.movies.8}}\"",
									"Text": "{{i18n:Dianna.movies.9}}"
								},
								"AfterMovie": {
									"ResponsePoint": null,
									"Script": "",
									"Text": "{{i18n:Dianna.movies.10}}"
								}
							},
							"ID": "reaction_4"
						},
						{
							"Tag": "like",
							"Response": "like",
							"Whitelist": [],
							"SpecialResponses": {
								"BeforeMovie": {
									"ResponsePoint": null,
									"Script": "",
									"Text": "{{i18n:Dianna.movies.11}}"
								},
								"DuringMovie": null,
								"AfterMovie": {
									"ResponsePoint": null,
									"Script": "",
									"Text": "{{i18n:Dianna.movies.12}}"
								}
							},
							"ID": "reaction_5"
						},
						{
							"Tag": "dislike",
							"Response": "like",
							"Whitelist": [],
							"SpecialResponses": {
								"BeforeMovie": {
									"ResponsePoint": null,
									"Script": "",
									"Text": "{{i18n:Dianna.movies.13}}"
								},
								"DuringMovie": {
									"ResponsePoint": null,
									"Script": "",
									"Text": "{{i18n:Dianna.movies.14}}"
								},
								"AfterMovie": {
									"ResponsePoint": null,
									"Script": "",
									"Text": "{{i18n:Dianna.movies.15}}"
								}
							},
							"ID": "reaction_6"
						}
					]
				}
			}
		},

		//Bianka
		{
			"Action": "EditData",
			"Target": "Data/ConcessionTastes",
			"Entries": {
				"Bianka": {
					"Name": "Bianka",
					"LovedTags": [
						"Jasmine Tea",
						"Sweet",
						"Candy"
					],
					"LikedTags": [
						"Healthy",
						"popcorn",
						"Salty"
					],
					"DislikedTags": [
						"Gourmet"
					]
				},
			},
		},
		{
			"Action": "EditData",
			"Target": "Data/MoviesReactions",
			"Entries": {
				"Bianka": {
					"NPCName": "Bianka",
					"Reactions": [
						{
							"Tag": "romance",
							"Response": "love",
							"Whitelist": [],
							"SpecialResponses": null,
							"ID": "reaction_0"
						},
						{
							"Tag": "action",
							"Response": "love",
							"Whitelist": [],
							"SpecialResponses": null,
							"ID": "reaction_1"
						},
						{
							"Tag": "winter_movie_1",
							"Response": "love",
							"Whitelist": [],
							"SpecialResponses": {
								"BeforeMovie": {
									"ResponsePoint": null,
									"Script": "",
									"Text": "{{i18n:Bianka.movies.1}}"
								},
								"DuringMovie": {
									"ResponsePoint": null,
									"Script": "",
									"Text": "{{i18n:Bianka.movies.2}}"
								},
								"AfterMovie": {
									"ResponsePoint": null,
									"Script": "",
									"Text": "{{i18n:Bianka.movies.3}}"
								}
							},
							"ID": "reaction_2"
						},
						{
							"Tag": "fall_movie_0",
							"Response": "like",
							"Whitelist": [],
							"SpecialResponses": {
								"BeforeMovie": {
									"ResponsePoint": null,
									"Script": "",
									"Text": "{{i18n:Bianka.movies.4}}"
								},
								"DuringMovie": {
									"ResponsePoint": null,
									"Script": "",
									"Text": "{{i18n:Bianka.movies.5}}"
								},
								"AfterMovie": {
									"ResponsePoint": null,
									"Script": "",
									"Text": "{{i18n:Bianka.movies.6}}"
								}
							},
							"ID": "reaction_3"
						},
						{
							"Tag": "love",
							"Response": "like",
							"Whitelist": [],
							"SpecialResponses": {
								"BeforeMovie": {
									"ResponsePoint": null,
									"Script": "",
									"Text": "{{i18n:Bianka.movies.7}}"
								},
								"DuringMovie": {
									"ResponsePoint": null,
									"Script": "/shake Bianka 3000/pause 500/message \"{{i18n:Bianka.movies.8}}\"",
									"Text": "{{i18n:Bianka.movies.9}}"
								},
								"AfterMovie": {
									"ResponsePoint": null,
									"Script": "",
									"Text": "{{i18n:Bianka.movies.10}}"
								}
							},
							"ID": "reaction_4"
						},
						{
							"Tag": "like",
							"Response": "like",
							"Whitelist": [],
							"SpecialResponses": {
								"BeforeMovie": {
									"ResponsePoint": null,
									"Script": "",
									"Text": "{{i18n:Bianka.movies.11}}"
								},
								"DuringMovie": null,
								"AfterMovie": {
									"ResponsePoint": null,
									"Script": "",
									"Text": "{{i18n:Bianka.movies.12}}"
								}
							},
							"ID": "reaction_5"
						},
						{
							"Tag": "dislike",
							"Response": "like",
							"Whitelist": [],
							"SpecialResponses": {
								"BeforeMovie": {
									"ResponsePoint": null,
									"Script": "",
									"Text": "{{i18n:Bianka.movies.13}}"
								},
								"DuringMovie": {
									"ResponsePoint": null,
									"Script": "",
									"Text": "{{i18n:Bianka.movies.14}}"
								},
								"AfterMovie": {
									"ResponsePoint": null,
									"Script": "",
									"Text": "{{i18n:Bianka.movies.15}}"
								}
							},
							"ID": "reaction_6"
						}
					]
				}
			}
		},

		//Raphael
		{
			"Action": "EditData",
			"Target": "Data/ConcessionTastes",
			"Entries": {
				"Raphael": {
					"Name": "Raphael",
					"LovedTags": [
						"Gourmet",
						"Healthy"
					],
					"LikedTags": [
						"Sweet",
						"popcorn",
						"Candy"
					],
					"DislikedTags": [
						"Jasmine Tea",
						"Salty"
					]
				},
			},
		},
		{
			"Action": "EditData",
			"Target": "Data/MoviesReactions",
			"Entries": {
				"Raphael": {
					"NPCName": "Raphael",
					"Reactions": [
						{
							"Tag": "romance",
							"Response": "like",
							"Whitelist": [],
							"SpecialResponses": null,
							"ID": "reaction_0"
						},
						{
							"Tag": "action",
							"Response": "love",
							"Whitelist": [],
							"SpecialResponses": null,
							"ID": "reaction_1"
						},
						{
							"Tag": "winter_movie_1",
							"Response": "like",
							"Whitelist": [],
							"SpecialResponses": {
								"BeforeMovie": {
									"ResponsePoint": null,
									"Script": "",
									"Text": "{{i18n:Raphael.movies.1}}"
								},
								"DuringMovie": {
									"ResponsePoint": null,
									"Script": "",
									"Text": "{{i18n:Raphael.movies.2}}"
								},
								"AfterMovie": {
									"ResponsePoint": null,
									"Script": "",
									"Text": "{{i18n:Raphael.movies.3}}"
								}
							},
							"ID": "reaction_2"
						},
						{
							"Tag": "fall_movie_0",
							"Response": "like",
							"Whitelist": [],
							"SpecialResponses": {
								"BeforeMovie": {
									"ResponsePoint": null,
									"Script": "",
									"Text": "{{i18n:Raphael.movies.4}}"
								},
								"DuringMovie": {
									"ResponsePoint": null,
									"Script": "",
									"Text": "{{i18n:Raphael.movies.5}}"
								},
								"AfterMovie": {
									"ResponsePoint": null,
									"Script": "",
									"Text": "{{i18n:Raphael.movies.6}}"
								}
							},
							"ID": "reaction_3"
						},
						{
							"Tag": "love",
							"Response": "like",
							"Whitelist": [],
							"SpecialResponses": {
								"BeforeMovie": {
									"ResponsePoint": null,
									"Script": "",
									"Text": "{{i18n:Raphael.movies.7}}"
								},
								"DuringMovie": {
									"ResponsePoint": null,
									"Script": "",
									"Text": "{{i18n:Raphael.movies.8}}"
								},
								"AfterMovie": {
									"ResponsePoint": null,
									"Script": "",
									"Text": "{{i18n:Raphael.movies.9}}"
								}
							},
							"ID": "reaction_4"
						},
						{
							"Tag": "like",
							"Response": "like",
							"Whitelist": [],
							"SpecialResponses": {
								"BeforeMovie": {
									"ResponsePoint": null,
									"Script": "",
									"Text": "{{i18n:Raphael.movies.10}}"
								},
								"DuringMovie": null,
								"AfterMovie": {
									"ResponsePoint": null,
									"Script": "",
									"Text": "{{i18n:Raphael.movies.11}}"
								}
							},
							"ID": "reaction_5"
						},
						{
							"Tag": "dislike",
							"Response": "like",
							"Whitelist": [],
							"SpecialResponses": {
								"BeforeMovie": {
									"ResponsePoint": null,
									"Script": "",
									"Text": "{{i18n:Raphael.movies.12}}"
								},
								"DuringMovie": {
									"ResponsePoint": null,
									"Script": "",
									"Text": "{{i18n:Raphael.movies.13}}"
								},
								"AfterMovie": {
									"ResponsePoint": null,
									"Script": "",
									"Text": "{{i18n:Raphael.movies.14}}"
								}
							},
							"ID": "reaction_6"
						}
					]
				}
			}
		},
	]
}