{
  "Name": "Umuwi Calamansi",
  "Description": "A small round citrus fruit that is found in the fields of Umuwi all year round.",
  "Category": "Fruit",
  "Edibility": 5,
	"EdibleBuffs": {
    "Farming": 0,
    "Fishing": 0,
    "Mining": 1,
    "Luck": 0,
	"Foraging": 0,
	"MaxStamina": 0,
    "MagnetRadius": 0,
	"Speed": 1,
	"Defense": 0,
	"Attack": 0,
    "Duration": 30,
	},
  "Price": 50,
  "IsColored": false,
  "Recipe": null,
  "GiftTastes":
  {
  "Love": ["Lunna", "Dianna", "Bianka"],
  "Like": ["Alex", "Caroline", "Clint", "Demetrius", "Dwarf", "Elliott", "Emily", "Evelyn", "George", "Jodi", "Kent", "Krobus", "Leah", "Linus", "Marnie", "Maru", "Pam", "Penny", "Pierre", "Robin", "Sandy", "Shane", "Willy", "Wizard","Lewis","Abigail", "Haley", "Jas", "Sam", "Sebastian", "Vincent"],
  },
}