{

	//Spring	
	"spring": "610 Custom_LASV_BiankaHouse 4 5 2/900 Custom_LASV_RaphaelShop 4 9 1/1500 Custom_LASV_RaphaelShop 15 5 2 raphael_meditate/2200 Custom_LASV_BiankaHouse 2 12 2 raphael_sleep",
	"Mon": "610 Custom_LASV_Umuwi 39 8 3/800 Custom_LASV_Umuwi 23 24 0/1000 Custom_LASV_Umuwi 41 45 3/1200 Custom_LASV_Umuwi 71 45 3/1400 Custom_LASV_ReenusHouse 11 7 0/1700 Custom_LASV_Umuwi 28 33 1/2000 Custom_LASV_BiankaHouse 2 12 2 raphael_sleep",
	"Wed": "700 Custom_LASV_Umuwi 100 20 2 raphael_meditate/1500 Custom_LASV_ReenusHouse 11 7 0/1800 Custom_LASV_Umuwi 53 28 3/2000 Custom_LASV_BiankaHouse 2 12 2 raphael_sleep",
	"Fri": "610 Custom_LASV_RaphaelShop 4 9 1/900 Custom_LASV_RaphaelShop 3 12 2 raphael_lumber/1200 Custom_LASV_RaphaelShop 1 6 2 raphael_forge/1400 Custom_LASV_RaphaelShop 14 13 1/1600 Custom_LASV_Umuwi 12 36 1/2000 Custom_LASV_BiankaHouse 2 12 2 raphael_sleep",
	"Sat": "610 Custom_LASV_Umuwi 36 14 0/800 Custom_LASV_BiankaHouse 4 5 0/1400 Custom_LASV_ReenusHouse 11 7 0/2000 Custom_LASV_BiankaHouse 2 12 2 raphael_sleep",
	"Sun": "800 Custom_LASV_Umuwi 17 36 2 raphael_train/1200 Custom_LASV_ReenusHouse 11 7 0/1500 Custom_LASV_RaphaelShop 14 13 1/2000 Custom_LASV_BiankaHouse 2 12 2 raphael_sleep",
	
	
	//Rain
	"rain": "610 Custom_LASV_BiankaHouse 4 5 0/800 Custom_LASV_OddiHouse 7 7 1/1200 Custom_LASV_ReenusHouse 11 7 0/1500 Custom_LASV_BiankaHouse 4 5 0/2000 Custom_LASV_BiankaHouse 2 12 2 raphael_sleep",
	
	//Marriage sched
	"marriage_Mon": "800 Blacksmith 9 15 2/1800 Saloon 19 21 0/2200 BusStop -1 23 3",
	"marriage_Wed": "800 Blacksmith 9 15 2/1800 Saloon 19 21 0/2200 BusStop -1 23 3",
	"marriage_Fri": "800 Blacksmith 9 15 2/1800 Saloon 19 21 0/2200 BusStop -1 23 3"
}