{
	"Name": "HastePill",
	"Description": "A magic pill of haste formulated by Raphael and you. Gives extreme speed for a few seconds.",
	"Category": "Crafting",
	"Edibility": 5,
	"EdibleIsDrink": false,
	"EdibleBuffs": {
    "Farming": 0,
    "Fishing": 0,
    "Mining": 0,
    "Luck": 0,
	"Foraging": 0,
	"MaxStamina": 0,
    "MagnetRadius": 0,
	"Speed": 10,
	"Defense": 0,
	"Attack": 0,
    "Duration": 10,
	},
	"Price": 10,
	"IsColored": false,
	"GiftTastes":
	{
		"Love": ["Raphael"],
	},

  "Recipe": {
    "ResultCount": 1,
    "Ingredients": [
      {
        "Object": 768,
        "Count": 5,
      },
      {
        "Object": "Umuwi Rambutan",
        "Count": 3,
      },
    ],
	},

	"NameLocalization":
	{
		//
	},
	"DescriptionLocalization":
	{
		//
	},
}