{
    "Name": "Thorn Pepper Plant",
    "Product": "Thorn Pepper",
    "SeedName": "Thorn Pepper Seeds",
    "SeedDescription": "Plant in summer. Takes 10 days to produce Thorn Peppers and regrows after harvest.",
    "Type": "Fruit",

    "Seasons": ["summer"],
    "Phases": [1, 2, 3, 4, 1],
    "RegrowthPhase": 6,
    "HarvestWithScythe": false,
    "TrellisCrop": false,
    "Colors": null,
    "Bonus":
    {
        "MinimumPerHarvest": 1,
        "MaximumPerHarvest": 2,
        "MaxIncreasePerFarmLevel": 10,
        "ExtraChance": 0.5,
    },
    "SeedPurchaseFrom": "Oddi",
    "SeedPurchasePrice": 100,
    "SeedNameLocalization":
    {
        
    },
    "SeedDescriptionLocalization":
    {
        
    }
}
