{
	"Changes": [

/*
75160052 = Lunna's platonic event
75160053 = Bianka's platonic event
75160054 = Raphael's platonic event

addCraftingRecipe LuckyMint
addCraftingRecipe EmbraceFruit
addCraftingRecipe HastePill
*/
		{
			//When married to Lunna
			"Action": "EditData",
			"Target": "Data/Events/Custom_LASV_Umuwi",
			"When": {
				"Relationship:Lunna": "Married"
			},
			"Entries": {
				//Bianka gives recipe for EmbraceFruit
				"75160053/f Bianka 2000/t 800 2300/w sunny/e 75160039": "continue/92 30/farmer 92 29 2 Bianka 96 32 1/pause 1000/move farmer 0 3 1/pause 500/emote farmer 8/emote Bianka 56/pause 500/speak Bianka \"{{i18n:event-75160053.01}}\"/emote Bianka 8/pause 500/faceDirection Bianka 3/pause 500/emote Bianka 16/speak Bianka \"{{i18n:event-75160053.02}}\"/pause 500/move farmer 3 0 1/emote farmer 8/emote Bianka 32/speak Bianka \"{{i18n:event-75160053.03}}\"/emote farmer 32/speak Bianka \"{{i18n:event-75160053.04}}\"/emote farmer 28/speak Bianka \"{{i18n:event-75160053.05}}\"/emote farmer 32/addCraftingRecipe EmbraceFruit/message \"{{i18n:event-75160053.06}}\"/pause 500/speak Bianka \"{{i18n:event-75160053.07}}\"/pause 1000/end"
,

				//Raphael gives reciper for HastePill
				"75160054/f Raphael 2000/t 800 2300/w sunny/e 75160039": "continue/92 30/farmer 92 29 2 Raphael 96 32 1/pause 1000/move farmer 0 3 1/pause 500/emote farmer 8/emote Raphael 16/pause 500/faceDirection Raphael 3/pause 500/speak Raphael \"{{i18n:event-75160054.01}}\"/emote farmer 32/speak Raphael \"{{i18n:event-75160054.02}}\"/emote farmer 16/move farmer 3 0 1/emote farmer 8/emote Raphael 56/pause 500/speak Raphael \"{{i18n:event-75160054.03}}\"/emote farmer 16/speak Raphael \"{{i18n:event-75160054.04}}\"/addCraftingRecipe HastePill/message \"{{i18n:event-75160054.05}}\"/pause 500/speak Raphael \"{{i18n:event-75160054.06}}\"/pause 1000/end"

			}
		},

		{
			//When married to Bianka
			"Action": "EditData",
			"Target": "Data/Events/Custom_LASV_Umuwi",
			"When": {
				"Relationship:Bianka": "Married"
			},
			"Entries": {
				//Lunna gives recipe for LuckyMint
				"75160052/f Lunna 2000/t 800 2300/w sunny/e 75160041": "continue/92 30/farmer 92 29 2 Lunna 95 32 1 Dianna 96 32 3/pause 1000/move farmer 0 3 1/pause 500/emote farmer 8/jump Dianna/emote Lunna 16/speak Dianna \"{{i18n:event-75160052.01}}\"/speak Lunna \"{{i18n:event-75160052.02}}\"/emote Dianna 16/speak Dianna \"{{i18n:event-75160052.03}}\"/emote Lunna 8/faceDirection Lunna 3/speak Lunna \"{{i18n:event-75160052.04}}\"/move farmer 2 0 1/speak Lunna \"{{i18n:event-75160052.05}}\"/jump Dianna/speak Dianna \"{{i18n:event-75160052.06}}\"/emote Lunna 28/speak Lunna \"{{i18n:event-75160052.07}}\"/emote farmer 56/addCraftingRecipe LuckyMint/message \"{{i18n:event-75160052.08}}\"/pause 500/speak Dianna \"{{i18n:event-75160052.09}}\"/faceDirection Lunna 1/speak Lunna \"{{i18n:event-75160052.10}}\"/pause 1000/end"
,

				//Raphael gives reciper for HastePill
				"75160054/f Raphael 2000/t 800 2300/w sunny/e 75160041": "continue/92 30/farmer 92 29 2 Raphael 96 32 1/pause 1000/move farmer 0 3 1/pause 500/emote farmer 8/emote Raphael 16/pause 500/faceDirection Raphael 3/pause 500/speak Raphael \"{{i18n:event-75160054.01}}\"/emote farmer 32/speak Raphael \"{{i18n:event-75160054.02}}\"/emote farmer 16/move farmer 3 0 1/emote farmer 8/emote Raphael 56/pause 500/speak Raphael \"{{i18n:event-75160054.03}}\"/emote farmer 16/speak Raphael \"{{i18n:event-75160054.04}}\"/addCraftingRecipe HastePill/message \"{{i18n:event-75160054.05}}\"/pause 500/speak Raphael \"{{i18n:event-75160054.06}}\"/pause 1000/end"
			}
		},

		{
			//When married to Raphael
			"Action": "EditData",
			"Target": "Data/Events/Custom_LASV_Umuwi",
			"When": {
				"Relationship:Raphael": "Married"
			},
			"Entries": {
				"75160052/f Lunna 2000/t 800 2300/w sunny/e 75160037": "continue/92 30/farmer 92 29 2 Lunna 95 32 1 Dianna 96 32 3/pause 1000/move farmer 0 3 1/pause 500/emote farmer 8/jump Dianna/emote Lunna 16/speak Dianna \"{{i18n:event-75160052.01}}\"/speak Lunna \"{{i18n:event-75160052.02}}\"/emote Dianna 16/speak Dianna \"{{i18n:event-75160052.03}}\"/emote Lunna 8/faceDirection Lunna 3/speak Lunna \"{{i18n:event-75160052.04}}\"/move farmer 2 0 1/speak Lunna \"{{i18n:event-75160052.05}}\"/jump Dianna/speak Dianna \"{{i18n:event-75160052.06}}\"/emote Lunna 28/speak Lunna \"{{i18n:event-75160052.07}}\"/emote farmer 56/addCraftingRecipe LuckyMint/message \"{{i18n:event-75160052.08}}\"/pause 500/speak Dianna \"{{i18n:event-75160052.09}}\"/faceDirection Lunna 1/speak Lunna \"{{i18n:event-75160052.10}}\"/pause 1000/end",

				//Bianka gives recipe for EmbraceFruit
				"75160053/f Bianka 2000/t 800 2300/w sunny/e 75160037": "continue/92 30/farmer 92 29 2 Bianka 96 32 1/pause 1000/move farmer 0 3 1/pause 500/emote farmer 8/emote Bianka 56/pause 500/speak Bianka \"{{i18n:event-75160053.01}}\"/emote Bianka 8/pause 500/faceDirection Bianka 3/pause 500/emote Bianka 16/speak Bianka \"{{i18n:event-75160053.02}}\"/pause 500/move farmer 3 0 1/emote farmer 8/emote Bianka 32/speak Bianka \"{{i18n:event-75160053.03}}\"/emote farmer 32/speak Bianka \"{{i18n:event-75160053.04}}\"/emote farmer 28/speak Bianka \"{{i18n:event-75160053.05}}\"/emote farmer 32/addCraftingRecipe EmbraceFruit/message \"{{i18n:event-75160053.06}}\"/pause 500/speak Bianka \"{{i18n:event-75160053.07}}\"/pause 1000/end",
			}
		},

		{
			//When married to non LASV characters. 
			//Requires at least 8 hearts with Esmeralda, NOT married to or dating LASV NPCs
			"Action": "EditData",
			"Target": "Data/Events/Custom_LASV_Umuwi",
			"When": {
				"Hearts:Esmeralda": "8, 9, 10",
				"Relationship:Lunna": "Friendly",
				"Relationship:Bianka": "Friendly",
				"Relationship:Raphael": "Friendly",
			},
			"Entries": {
				//Lunna gives recipe for LuckyMint
				"75160052/f Lunna 2000/t 800 2300/w sunny": "continue/92 30/farmer 92 29 2 Lunna 95 32 1 Dianna 96 32 3/pause 1000/move farmer 0 3 1/pause 500/emote farmer 8/jump Dianna/emote Lunna 16/speak Dianna \"{{i18n:event-75160052.01}}\"/speak Lunna \"{{i18n:event-75160052.02}}\"/emote Dianna 16/speak Dianna \"{{i18n:event-75160052.03}}\"/emote Lunna 8/faceDirection Lunna 3/speak Lunna \"{{i18n:event-75160052.04}}\"/move farmer 2 0 1/speak Lunna \"{{i18n:event-75160052.05}}\"/jump Dianna/speak Dianna \"{{i18n:event-75160052.06}}\"/emote Lunna 28/speak Lunna \"{{i18n:event-75160052.07}}\"/emote farmer 56/addCraftingRecipe LuckyMint/message \"{{i18n:event-75160052.08}}\"/pause 500/speak Dianna \"{{i18n:event-75160052.09}}\"/faceDirection Lunna 1/speak Lunna \"{{i18n:event-75160052.10}}\"/pause 1000/end",

				//Bianka gives recipe for EmbraceFruit
				"75160053/f Bianka 2000/t 800 2300/w sunny": "continue/92 30/farmer 92 29 2 Bianka 96 32 1/pause 1000/move farmer 0 3 1/pause 500/emote farmer 8/emote Bianka 56/pause 500/speak Bianka \"{{i18n:event-75160053.01}}\"/emote Bianka 8/pause 500/faceDirection Bianka 3/pause 500/emote Bianka 16/speak Bianka \"{{i18n:event-75160053.02}}\"/pause 500/move farmer 3 0 1/emote farmer 8/emote Bianka 32/speak Bianka \"{{i18n:event-75160053.03}}\"/emote farmer 32/speak Bianka \"{{i18n:event-75160053.04}}\"/emote farmer 28/speak Bianka \"{{i18n:event-75160053.05}}\"/emote farmer 32/addCraftingRecipe EmbraceFruit/message \"{{i18n:event-75160053.06}}\"/pause 500/speak Bianka \"{{i18n:event-75160053.07}}\"/pause 1000/end",

				//Raphael gives reciper for HastePill
				"75160054/f Raphael 2000/t 800 2300/w sunny": "continue/92 30/farmer 92 29 2 Raphael 96 32 1/pause 1000/move farmer 0 3 1/pause 500/emote farmer 8/emote Raphael 16/pause 500/faceDirection Raphael 3/pause 500/speak Raphael \"{{i18n:event-75160054.01}}\"/emote farmer 32/speak Raphael \"{{i18n:event-75160054.02}}\"/emote farmer 16/move farmer 3 0 1/emote farmer 8/emote Raphael 56/pause 500/speak Raphael \"{{i18n:event-75160054.03}}\"/emote farmer 16/speak Raphael \"{{i18n:event-75160054.04}}\"/addCraftingRecipe HastePill/message \"{{i18n:event-75160054.05}}\"/pause 500/speak Raphael \"{{i18n:event-75160054.06}}\"/pause 1000/end"
			}
		}
	]
}