{
	"Changes": [

		//Gift Tastes-------------------------------------------
		{
			"LogName": "Gift tastes",
			"Action": "EditData",
			"Target": "Data/NPCGiftTastes",
			"Entries": {
				"Lunna": "{{i18n:Gift.Love.Lunna}}/211 220 221 732 268 417 635 636 634 305 308 72 400 234/{{i18n:Gift.Like.Lunna}}/24 184 398 398 296 258 396 410 280 416/{{i18n:Gift.Dislike.Lunna}}/2/{{i18n:Gift.Hate.Lunna}}/152/{{i18n:Gift.Neutral.Lunna}}/18/ ",

				"Dianna": "{{i18n:Gift.Love.Dianna}}/211 220 221 732 268 417 635 636 634 305 308 72 400 234/{{i18n:Gift.Like.Dianna}}/24 184 398 398 296 258 396 410 280 416/{{i18n:Gift.Dislike.Dianna}}/2/{{i18n:Gift.Hate.Dianna}}/152/{{i18n:Gift.Neutral.Dianna}}/18/ ",

				"Bianka": "{{i18n:Gift.Love.Bianka}}/211 220 221 612 400 233 234 258 417/{{i18n:Gift.Like.Bianka}}/-5 -79 422/{{i18n:Gift.Dislike.Bianka}}/80 330/{{i18n:Gift.Hate.Bianka}}/-4/{{i18n:Gift.Neutral.Bianka}}/2/ ",

				"Raphael": "{{i18n:Gift.Love.Raphael}}/184 186 232 233 400 378 380 384 386/{{i18n:Gift.Like.Raphael}}/-5 -79 422/{{i18n:Gift.Dislike.Raphael}}/2/{{i18n:Gift.Hate.Raphael}}/-4/{{i18n:Gift.Neutral.Raphael}}/80 330/ ",

				"Esmeralda": "{{i18n:Gift.Love.Esmeralda}}/211 220 221 612 400 233 234 258 417/{{i18n:Gift.Like.Esmeralda}}/-5 -79 422/{{i18n:Gift.Dislike.Esmeralda}}/80 330/{{i18n:Gift.Hate.Esmeralda}}/-4/{{i18n:Gift.Neutral.Esmeralda}}/2/",

				"Salvador": "{{i18n:Gift.Love.Salvador}}/184 186 232 233 400 378 380 384 386/{{i18n:Gift.Like.Salvador}}/-5 -79 422/{{i18n:Gift.Dislike.Salvador}}/2/{{i18n:Gift.Hate.Salvador}}/-4/{{i18n:Gift.Neutral.Salvador}}/80 330/",
			},
		},
	]
}