{
	"Changes": [
		//Map Patches---------------------------------------------------
		{
			"LogName": "SDV Reimagined 2 Patch for West Forest",
			"Action": "EditMap",
			"Target": "Maps/Forest",
			"FromFile": "assets/LunnaForestSDR.tmx",
			"ToArea": {
				"X": 0,
				"Y": 29,
				"Width": 5,
				"Height": 12
			},
			"When": {
				"HasMod: |contains=DaisyNiko.SVR2": true,
			},
			"Update": "OnLocationChange"
		},
		{
			"LogName": "SDV Enhanced - WizardTower Patch for West Forest",
			"Action": "EditMap",
			"Target": "Maps/Forest",
			"FromFile": "assets/SVEnhanced_xcube/LunnaForestSVEnhanced.tmx",
			"ToArea": {
				"X": 0,
				"Y": 27,
				"Width": 7,
				"Height": 14
			},
			"When": {
				"HasMod: |contains=SEnhanced.Forest": true,
			},
			"Update": "OnLocationChange"
		},
		//Ran's Harvest Goddess Patch------------------------------------
		{
			"LogName": "Romance Lunna Answers",
			"Action": "EditData",
			"Target": "Characters/Dialogue/Wizard",
			"When": {
				"HasMod: |contains=Ran.HarvestGoddess": true,
			},
			"Entries": {
				"romanceLunna_Yes": "{{i18n:intermod.1}}",
				"romanceLunna_No": "{{i18n:intermod.2}}",
			},
		},
		{
			"LogName": "Forest Events",
			"Action": "EditData",
			"Target": "Data/Events/Forest",
			"When": {
				"HasMod: |contains=Ran.HarvestGoddess": true,
			},
			"Entries": {
				//Wizard talks to farmer about relationship with Lunna
				 "75160006/e 75160005/D Lunna/d Fri": "none/69 8/farmer 69 2 2 Wizard 41 10 1/skippable/move farmer 0 5 2/speak Wizard \"{{i18n:intermod.event-75160006.01}}\"/pause 200/emote farmer 8/faceDirection farmer 0/pause 1000/showFrame Wizard 16/playSound wand/screenFlash .8/warp Wizard 69 5/showFrame Wizard 16/pause 500/faceDirection Wizard 2/emote farmer 16/pause 1000/speak Wizard \"{{i18n:intermod.event-75160006.02}}\"/pause 500/emote farmer 8/pause 800/speak Wizard \"{{i18n:intermod.event-75160006.03}}\"/pause 500/question null \"{{i18n:intermod.event-75160006.04}}#{{i18n:intermod.event-75160006.05}}#{{i18n:intermod.event-75160006.06}}#{{i18n:intermod.event-75160006.07}}#\"/emote Wizard 40/pause 800/speak Wizard \"{{i18n:intermod.event-75160006.08}}\"/pause 200/emote farmer 40/pause 800/speak Wizard \"{{i18n:intermod.event-75160006.09}}\"/faceDirection Wizard 3/pause 500/speak Wizard \"{{i18n:intermod.event-75160006.10}}\"/emote farmer 8/pause 800/faceDirection Wizard 2/speak Wizard \"{{i18n:intermod.event-75160006.11}}\"/emote farmer 32/pause 800/speak Wizard \"{{i18n:intermod.event-75160006.12}}\"/emote farmer 8/speak Wizard \"{{i18n:intermod.event-75160006.13}}\"/showFrame Wizard 16/playSound wand/screenFlash .8/warp Wizard 41 10/emote farmer 16/pause 800/fade/message \"{{i18n:intermod.event-75160006.14}}\"/end"
,
				//Lunna Visits Umuwi
				 "75160010/e 75160009": "sweet/13 29/farmer 5 27 2 Lunna 5 32 0 Dianna -1000 -1000 0/skippable/pause 500/emote Lunna 16/pause 800/speak Lunna \"{{i18n:intermod.event-75160010.01}}\"/emote farmer 16/pause 800/move Lunna 0 -4 0/pause 800/speak Lunna \"{{i18n:intermod.event-75160010.02}}\"/pause 500/emote Lunna 32/emote farmer 32/pause 800/speak Lunna \"{{i18n:intermod.event-75160010.03}}\"/emote farmer 16/pause 800/jump Lunna/speak Lunna \"{{i18n:intermod.event-75160010.04}}\"/jump farmer/pause 800/emote Lunna 28/pause 800/speak Lunna \"{{i18n:intermod.event-75160010.05}}\"/emote farmer 20/emote Lunna 20/pause 1000/speak Lunna \"{{i18n:intermod.event-75160010.06}}\"/pause 1000/globalFade/viewport -2000 -2000/changeToTemporaryMap Custom_LASV_LunnaLake false/warp farmer 15 19/warp Lunna 14 19/faceDirection farmer 0/faceDirection Lunna 0/viewport 14 12/pause 500/move Lunna 0 -3 0/pause 500/emote Lunna 16/pause 2000/faceDirection Lunna 2/speak Lunna \"{{i18n:intermod.event-75160010.07}}\"/emote farmer 32/pause 500/move farmer 0 -2 0/pause 800/message \"{{i18n:intermod.event-75160010.08}}\"/pause 500/speak Lunna \"{{i18n:intermod.event-75160010.09}}\"/faceDirection Lunna 0/move farmer 0 -1 0/pause 1000/warp farmer -999 -999/warp Lunna -998 -998/playSound wand/screenFlash .8/pause 1000/globalFade/viewport -2000 -2000/changeToTemporaryMap Custom_LASV_Umuwi false/warp farmer 92 29/warp Lunna 93 29/warp Dianna 78 31/faceDirection farmer 2/faceDirection Lunna 2/viewport 94 30/pause 1000/move Lunna 0 2 2/pause 1000/emote Lunna 20/pause 800/faceDirection Lunna 0/pause 1000/speak Lunna \"{{i18n:intermod.event-75160010.10}}\"/move farmer 0 2 1/faceDirection Lunna 3/emote farmer 32/emote Lunna 60/pause 800/speak Lunna \"{{i18n:intermod.event-75160010.11}}\"/showFrame Lunna 25/positionOffset Lunna -10 0/positionOffset farmer 10 0/animate farmer false true 100 101/emote Lunna 20/pause 2000/stopAnimation farmer/warp Lunna 93 31/warp farmer 92 31/faceDirection Lunna 3/faceDirection farmer 1/pause 1000/speak Lunna \"{{i18n:intermod.event-75160010.12}}\"/message \"{{i18n:intermod.event-75160010.13}}\"/emote farmer 16/emote Lunna 16/faceDirection farmer 3/move Dianna 6 0 1/textAboveHead Dianna \"{{i18n:intermod.event-75160010.14}}\"/move farmer 0 1 3/move Lunna -1 0 3/speak Dianna \"{{i18n:intermod.event-75160010.15}}\"/pause 1000/move Lunna -1 0 3/pause 1000/speak Lunna \"{{i18n:intermod.event-75160010.16}}\"/pause 500/emote Dianna 8/pause 800/speak Dianna \"{{i18n:intermod.event-75160010.17}}\"/pause 200/speak Dianna \"{{i18n:intermod.event-75160010.18}}\"/pause 1000/move Lunna -4 0 3/showFrame Lunna 35/emote Dianna 8/pause 800/move Dianna 2 0 1/speak Dianna \"{{i18n:intermod.event-75160010.19}}\"/emote Lunna 28/pause 800/speak Lunna \"{{i18n:intermod.event-75160010.20}}\"/pause 800/emote Dianna 16/stopMusic/speak Dianna \"{{i18n:intermod.event-75160010.21}}\"/pause 200/shake Lunna 1000/showFrame Lunna 51/speak Lunna \"{{i18n:intermod.event-75160010.22}}\"/emote Dianna 12/emote Lunna 28/pause 800/speak Lunna \"{{i18n:intermod.event-75160010.23}}\"/showFrame Lunna 34/glow 255 255 255/pause 1000/emote Dianna 16/emote farmer 16/message \"{{i18n:intermod.event-75160010.24}}\"/glow 255 255 255/pause 1000/speak Dianna \"{{i18n:intermod.event-75160010.25}}\"/move farmer 0 -1 0/move farmer -4 0 3/message \"{{i18n:intermod.event-75160010.26}}\"/speak Lunna \"{{i18n:intermod.event-75160010.27}}\"/pause 200/message \"{{i18n:intermod.event-75160010.28}}\"/message \"{{i18n:intermod.event-75160010.29}}\"/pause 500/emote farmer 40/pause 500/message \"{{i18n:intermod.event-75160010.30}}\"/playMusic desolate/positionOffset farmer -10 0/animate farmer true true 100 101/glow 255 255 255/pause 1000/playSound wand/glow 216 8 178/pause 1000/playSound wand/glow 216 8 178/pause 1000/showFrame Lunna 29/stopAnimation farmer/warp farmer 88 31/faceDirection farmer 3/emote Dianna 16/pause 800/speak Dianna \"{{i18n:intermod.event-75160010.31}}\"/glow 216 8 178/pause 1000/faceDirection Lunna 3/showFrame Lunna 31/pause 1000/speak Dianna \"{{i18n:intermod.event-75160010.32}}\"/pause 500/speak Lunna \"{{i18n:intermod.event-75160010.33}}\"/pause 200/emote Dianna 40/pause 800/speak Dianna \"{{i18n:intermod.event-75160010.34}}\"/emote Dianna 16/pause 800/speak Dianna \"{{i18n:intermod.event-75160010.35}}\"/glow 194 255 4/pause 1000/faceDirection Lunna 0/faceDirection Lunna 3/emote Dianna 16/pause 800/speak Dianna \"{{i18n:intermod.event-75160010.36}}\"/emote Lunna 8/pause 800/speak Lunna \"{{i18n:intermod.event-75160010.37}}\"/pause 1000/emote Dianna 40/pause 800/speak Dianna \"{{i18n:intermod.event-75160010.38}}\"/pause 500/showFrame Lunna 35/pause 1000/emote Dianna 28/pause 800/speak Lunna \"{{i18n:intermod.event-75160010.39}}\"/speak Dianna \"{{i18n:intermod.event-75160010.40}}\"/warp Dianna -1000 -1000/showFrame Lunna 39/pause 2000/speak Dianna \"{{i18n:intermod.event-75160010.41}}\"/speak Lunna \"{{i18n:intermod.event-75160010.42}}\"/speak Dianna \"{{i18n:intermod.event-75160010.43}}\"/emote farmer 32/pause 2000/globalFade/viewport -2000 -2000/warp Lunna 85 19/warp Dianna 84 19/warp farmer 87 19/faceDirection farmer 3/faceDirection Lunna 3/faceDirection Dianna 1/stopMusic/pause 2000/message \"{{i18n:intermod.event-75160010.44}}\"/viewport 88 18/playMusic sweet/pause 1000/speak Dianna \"{{i18n:intermod.event-75160010.45}}\"/pause 500/speak Lunna \"{{i18n:intermod.event-75160010.46}}\"/pause 500/emote Dianna 16/pause 800/speak Dianna \"{{i18n:intermod.event-75160010.47}}\"/jump Dianna/emote Lunna 20/pause 1000/speak Dianna \"{{i18n:intermod.event-75160010.48}}\"/faceDirection Lunna 1/textAboveHead Lunna \"{{i18n:intermod.event-75160010.49}}\"/pause 800/speak Dianna \"{{i18n:intermod.event-75160010.50}}\"/emote Lunna 60/emote farmer 60/pause 800/speak Lunna \"{{i18n:intermod.event-75160010.51}}\"/emote farmer 32/pause 800/speak Dianna \"{{i18n:intermod.event-75160010.52}}\"/move Dianna 0 1 1/move Dianna 3 0 0/faceDirection farmer 2/emote Dianna 40/pause 800/speak Dianna \"{{i18n:intermod.event-75160010.53}}\"/emote farmer 32/pause 800/faceDirection Dianna 3/speak Dianna \"{{i18n:intermod.event-75160010.54}}\"/pause 800/emote Lunna 16/pause 800/speak Lunna \"{{i18n:intermod.event-75160010.55}}\"/emote Dianna 8/emote farmer 8/pause 2000/showFrame Lunna 23/speak Lunna \"{{i18n:intermod.event-75160010.56}}\"/pause 2000/speak Lunna \"{{i18n:intermod.event-75160010.57}}\"/pause 500/move Dianna -2 0 0/pause 1000/emote Lunna 28/pause 1000/emote Dianna 32/pause 800/speak Dianna \"{{i18n:intermod.event-75160010.58}}\"/faceDirection Lunna 2/emote Lunna 16/pause 800/speak Dianna \"{{i18n:intermod.event-75160010.59}}\"/faceDirection Dianna 2/pause 1000/faceDirection Dianna 1/pause 1000/faceDirection Dianna 0/speak Dianna \"{{i18n:intermod.event-75160010.60}}\"/emote farmer 32/emote Lunna 20/pause 800/speak Lunna \"{{i18n:intermod.event-75160010.61}}\"/pause 800/speak Dianna \"{{i18n:intermod.event-75160010.62}}\"/emote Dianna 20/pause 800/speak Lunna \"{{i18n:intermod.event-75160010.63}}\"/pause 500/speak Dianna \"{{i18n:intermod.event-75160010.64}}\"/emote farmer 32/emote Lunna 32/pause 200/move farmer -1 0 2/pause 1000/speak Dianna \"{{i18n:intermod.event-75160010.65}}\"/emote Dianna 32/animate Dianna false true 100 20 20 21 21 22 22 21 21 20 20 21 21 22 22 21 21/pause 5000/fade/stopAnimation Dianna/viewport -2000 -2000/message \"{{i18n:intermod.event-75160010.66}}\"/message \"{{i18n:intermod.event-75160010.67}}\"/message \"{{i18n:intermod.event-75160010.68}}\"/pause 2000/friendship Dianna 500/friendship Lunna 200/end dialogue Lunna \"{{i18n:intermod.event-75160010.69}}\""
,
			},
		},
		{
			"LogName": "Mail",
			"Action": "EditData",
			"Target": "Data/mail",
			"When": {
				"HasMod: |contains=Ran.HarvestGoddess": true,
			},
			"Entries": {
				"WizardLunnaLake": "{{i18n:intermod.3}}",
				"WizardLunnaLakeAlt": "{{i18n:intermod.4}}",
			},
		},
		{
			"LogName": "WizardHouse Events",
			"Action": "EditData",
			"Target": "Data/Events/WizardHouse",
			"When": {
				"HasMod: |contains=Ran.HarvestGoddess": true,
			},
			"Entries": {
				//Question for Non Romance with Lunna for Passage to Umuwi
				 "75160011/f Wizard 1000/f Lunna 1500/t 600 2200": "WizardSong/6 16/farmer 8 23 0 Wizard 10 15 2/playSound doorClose/showFrame Wizard 16/textAboveHead Wizard \"{{i18n:intermod.event-75160011.01}}\"/pause 2000/faceDirection Wizard 2/emote Wizard 16/pause 800/move Wizard -2 0 2/pause 500/speak Wizard \"{{i18n:intermod.event-75160011.02}}\"/pause 500/faceDirection Wizard 1/emote Wizard 40/pause 1000/move farmer 0 -6 0/pause 500/emote farmer 8/pause 1000/faceDirection Wizard 2/speak Wizard \"{{i18n:intermod.event-75160011.03}}\"/emote farmer 8/pause 1000/speak Wizard \"{{i18n:intermod.event-75160011.04}}\"/pause 500/emote farmer 60/pause 1000/emote Wizard 8/pause 1000/speak Wizard \"{{i18n:intermod.event-75160011.05}}\"/pause 200/speak Wizard \"$q 751612 null \"#{{i18n:intermod.event-75160011.06}}#$r 751611 0 romanceLunna_Yes#{{i18n:intermod.event-75160011.07}}#$r 751612 0 romanceLunna_No#{{i18n:intermod.event-75160011.08}}\"/pause 200/faceDirection Wizard 1/pause 2000/speak Wizard \"{{i18n:intermod.event-75160011.09}}\"/emote farmer 32/pause 1000/end warpOut"
,
				//Wizard finds something special about farmer Part2
				 "75160009/e 75160008/t 600 2200": "WizardSong/6 16/farmer 8 23 0 Wizard 10 15 2/skippable/playSound doorClose/showFrame Wizard 16/textAboveHead Wizard \"{{i18n:intermod.event-75160009.01}}\"/pause 2000/faceDirection Wizard 2/emote Wizard 16/pause 1000/move Wizard -2 0 2/pause 500/speak Wizard \"{{i18n:intermod.event-75160009.02}}\"/move farmer 0 -7 0/pause 500/emote farmer 8/pause 1000/speak Wizard \"{{i18n:intermod.event-75160009.03}}\"/emote farmer 16/pause 1000/speak Wizard \"{{i18n:intermod.event-75160009.04}}\"/faceDirection Wizard 1/pause 1000/textAboveHead Wizard \"{{i18n:intermod.event-75160009.05}}\"/pause 1000/faceDirection Wizard 2/speak Wizard \"{{i18n:intermod.event-75160009.06}}\"/emote farmer 8/pause 1000/speak Wizard \"{{i18n:intermod.event-75160009.07}}\"/pause 1000/globalFade/viewport -2000 -2000/changeToTemporaryMap Custom_LASV_LunnaLake false/warp farmer 13 18/faceDirection farmer 0/warp Wizard 15 18/faceDirection Wizard 0/viewport -2000 -2000/stopMusic/playMusic woodsTheme/viewport 14 12/pause 500/move farmer 0 -1 0/move Wizard 0 -1 0/pause 1000/speak Wizard \"{{i18n:intermod.event-75160009.08}}\"/emote farmer 40/pause 1000/speak Wizard \"{{i18n:intermod.event-75160009.09}}\"/move farmer 1 0 0/move Wizard 1 0 0/move Wizard 0 -2 2/emote Wizard 40/pause 1000/speak Wizard \"{{i18n:intermod.event-75160009.10}}\"/emote farmer 28/pause 1500/showFrame Wizard 16/textAboveHead Wizard \"{{i18n:intermod.event-75160009.11}}\"/pause 2000/playSound wand/glow 194 255 4/pause 2000/playSound wand/glow 194 255 4/pause 2000/playSound wand/glow 194 255 4/pause 1000/faceDirection Wizard 3/emote farmer 16/emote Wizard 16/pause 800/glow 194 255 4 true/removeTile 15 15 Buildings/removeTile 14 16 Buildings/removeTile 13 15 Buildings/pause 2000/stopGlowing/pause 2000/textAboveHead Wizard \"{{i18n:intermod.event-75160009.12}}\"/emote farmer 40/pause 1000/speak Wizard \"{{i18n:intermod.event-75160009.13}}\"/emote farmer 16/pause 800/faceDirection Wizard 2/speak Wizard \"{{i18n:intermod.event-75160009.14}}\"/pause 500/faceDirection Wizard 0/warp Wizard -2000 -2000/playSound wand/screenFlash .8/pause 1000/emote farmer 40/pause 3000/jump farmer/speak Wizard \"{{i18n:intermod.event-75160009.15}}\"/pause 1000/move farmer 0 1 0/emote farmer 16/move farmer 0 -1 0/glow 255 255 255 true/playSound wand/viewport -1000 -1000/stopGlowing/message \"{{i18n:intermod.event-75160009.16}}\"/changeToTemporaryMap Custom_LASV_Umuwi false/warp farmer 93 28/faceDirection farmer 2/warp Wizard 92 31/faceDirection Wizard 3/stopMusic/playMusic SettlingIn/viewport -1000 -1000/viewport 92 31/pause 500/textAboveHead Wizard \"{{i18n:intermod.event-75160009.17}}\"/move Wizard -1 0 3/emote farmer 16/move farmer 0 3 0/pause 1000/faceDirection Wizard 1/emote farmer 8/pause 500/faceDirection farmer 1/pause 1000/faceDirection farmer 0/pause 1000/faceDirection farmer 3/jump farmer/pause 1000/speak Wizard \"{{i18n:intermod.event-75160009.18}}\"/faceDirection Wizard 3/emote Wizard 40/pause 1000/speak Wizard \"{{i18n:intermod.event-75160009.19}}\"/faceDirection Wizard 1/pause 500/speak Wizard \"{{i18n:intermod.event-75160009.20}}\"/emote farmer 32/pause 1000/speak Wizard \"{{i18n:intermod.event-75160009.21}}\"/emote farmer 32/pause 1000/fade/viewport -1000 -1000/pause 1000/message \"{{i18n:intermod.event-75160009.22}}\"/message \"{{i18n:intermod.event-75160009.23}}\"/end"
,
				//Wizard and farmer go to Umuwi (Non romance with Lunna)
				 "75160013/e 75160012/t 600 2200": "WizardSong/6 16/farmer 8 23 0 Wizard 10 15 2/skippable/playSound doorClose/showFrame Wizard 16/textAboveHead Wizard \"{{i18n:intermod.event-75160013.01}}\"/pause 2000/faceDirection Wizard 2/emote Wizard 16/pause 1000/move Wizard -2 0 2/pause 500/speak Wizard \"{{i18n:intermod.event-75160013.02}}\"/move farmer 0 -7 0/pause 500/emote farmer 8/pause 1000/speak Wizard \"{{i18n:intermod.event-75160013.03}}\"/emote farmer 16/pause 1000/speak Wizard \"{{i18n:intermod.event-75160013.04}}\"/faceDirection Wizard 1/pause 1000/textAboveHead Wizard \"{{i18n:intermod.event-75160013.05}}\"/pause 1000/faceDirection Wizard 2/speak Wizard \"{{i18n:intermod.event-75160013.06}}\"/emote farmer 8/pause 1000/speak Wizard \"{{i18n:intermod.event-75160013.07}}\"/pause 1000/globalFade/viewport -2000 -2000/changeToTemporaryMap Custom_LASV_LunnaLake false/warp farmer 13 18/faceDirection farmer 0/warp Wizard 15 18/faceDirection Wizard 0/viewport -2000 -2000/stopMusic/playMusic woodsTheme/viewport 14 12/pause 500/move farmer 0 -1 0/move Wizard 0 -1 0/pause 1000/speak Wizard \"{{i18n:intermod.event-75160013.08}}\"/emote farmer 8/pause 1000/speak Wizard \"{{i18n:intermod.event-75160013.09}}\"/emote farmer 16/pause 1000/speak Wizard \"{{i18n:intermod.event-75160013.10}}\"/emote farmer 40/pause 800/speak Wizard \"{{i18n:intermod.event-75160013.11}}\"/pause 2000/speak Wizard \"{{i18n:intermod.event-75160013.12}}\"/move farmer 1 0 0/move Wizard 1 0 0/move Wizard 0 -2 2/emote Wizard 40/pause 1000/speak Wizard \"{{i18n:intermod.event-75160013.13}}\"/emote farmer 28/pause 1500/showFrame Wizard 16/textAboveHead Wizard \"{{i18n:intermod.event-75160013.14}}\"/pause 2000/playSound wand/glow 194 255 4/pause 2000/playSound wand/glow 194 255 4/pause 2000/playSound wand/glow 194 255 4/pause 1000/faceDirection Wizard 3/emote farmer 16/emote Wizard 16/pause 800/glow 194 255 4 true/removeTile 15 15 Buildings/removeTile 14 16 Buildings/removeTile 13 15 Buildings/pause 2000/stopGlowing/pause 2000/textAboveHead Wizard \"{{i18n:intermod.event-75160013.15}}\"/emote farmer 40/pause 1000/speak Wizard \"{{i18n:intermod.event-75160013.16}}\"/emote farmer 16/pause 800/faceDirection Wizard 2/speak Wizard \"{{i18n:intermod.event-75160013.17}}\"/pause 500/faceDirection Wizard 0/warp Wizard -2000 -2000/playSound wand/screenFlash .8/pause 1000/emote farmer 40/pause 3000/jump farmer/speak Wizard \"{{i18n:intermod.event-75160013.18}}\"/pause 1000/move farmer 0 1 0/emote farmer 16/move farmer 0 -1 0/glow 255 255 255 true/playSound wand/viewport -1000 -1000/stopGlowing/message \"{{i18n:intermod.event-75160013.19}}\"/changeToTemporaryMap Custom_LASV_Umuwi false/warp farmer 93 28/faceDirection farmer 2/warp Wizard 92 31/faceDirection Wizard 3/stopMusic/playMusic SettlingIn/viewport -1000 -1000/viewport 92 31/pause 500/textAboveHead Wizard \"{{i18n:intermod.event-75160013.20}}\"/move Wizard -1 0 3/emote farmer 16/move farmer 0 3 0/pause 1000/faceDirection Wizard 1/emote farmer 8/pause 500/faceDirection farmer 1/pause 1000/faceDirection farmer 0/pause 1000/faceDirection farmer 3/jump farmer/pause 1000/speak Wizard \"{{i18n:intermod.event-75160013.21}}\"/faceDirection Wizard 3/emote Wizard 40/pause 1000/speak Wizard \"{{i18n:intermod.event-75160013.22}}\"/faceDirection Wizard 1/pause 500/speak Wizard \"{{i18n:intermod.event-75160013.23}}\"/emote farmer 32/pause 1000/speak Wizard \"{{i18n:intermod.event-75160013.24}}\"/emote farmer 32/pause 1000/fade/viewport -1000 -1000/pause 1000/message \"{{i18n:intermod.event-75160013.25}}\"/message \"{{i18n:intermod.event-75160013.26}}\"/end"
,
			},
		},
		{
			"LogName": "Lunna's Dialogue",
			"Action": "EditData",
			"Target": "Characters/Dialogue/Lunna",
			"When": {
				"HasMod: |contains=Ran.HarvestGoddess": true
			},
			"Entries": {
				"give_pendant": "{{i18n:intermod.5}}",
				"Fri": "{{i18n:intermod.6}}",
				"Fri10": "{{i18n:intermod.7}}",
			},
		},
		{
			"LogName": "ScheduleDialogue Strings",
			"Action": "EditData",
			"Target": "Strings/schedules/Lunna",
			"When": {
				"HasMod: |contains=Ran.HarvestGoddess": true,
			},
			"Entries": {
				"Sun.000": "{{i18n:intermod.8}}",
			},
		},
		{
			"LogName": "SeedShop Events",
			"Action": "EditData",
			"Target": "Data/Events/SeedShop",
			"When": {
				"HasMod: |contains=Ran.HarvestGoddess": true,
			},
			"Entries": {
				//HeartEvent 4 = 6 Hearts: Lunna buy Food
				 "75160004/e 75160003/f Lunna 1500/t 900 1400/d Wed Fri Sun/w sunny": "playful/8 21/farmer 6 27 0 Lunna 5 19 0 Pierre 4 17 2/skippable/pause 1000/emote Lunna 32/speak Lunna \"{{i18n:intermod.event-75160004.01}}\"/pause 500/speak Pierre \"{{i18n:intermod.event-75160004.02}}\"/pause 500/emote Lunna 8/pause 800/speak Lunna \"{{i18n:intermod.event-75160004.03}}\"/pause 500/emote Pierre 16/pause 800/speak Pierre \"{{i18n:intermod.event-75160004.04}}\"/pause 800/move farmer 0 -5 0 true/pause 800/emote Pierre 16/pause 500/faceDirection Lunna 2/pause 1000/emote farmer 8/pause 800/speak Pierre \"{{i18n:intermod.event-75160004.05}}\"/pause 200/speak Lunna \"{{i18n:intermod.event-75160004.06}}\"/pause 500/emote farmer 32/pause 1000/faceDirection Lunna 0/textAboveHead Lunna \"{{i18n:intermod.event-75160004.07}}\"/pause 1000/speak Pierre \"{{i18n:intermod.event-75160004.08}}\"/pause 500/emote Lunna 20/pause 800/speak Lunna \"{{i18n:intermod.event-75160004.09}}\"/pause 500/faceDirection Lunna 2/pause 500/speak Lunna \"{{i18n:intermod.event-75160004.10}}\"/pause 500/emote farmer 32/pause 1000/globalFade/viewport -2000 -2000/changeToTemporaryMap Town false/warp farmer 71 9/faceDirection farmer 2/warp Lunna 72 9/faceDirection Lunna 2/viewport -2000 -2000/viewport 76 13/pause 500/animate Lunna false true 100 16 16 16 16 16 16 16 16 16 16 16 16 17 18 19 19 19/pause 2000/speak Lunna \"{{i18n:intermod.event-75160004.11}}\"/emote farmer 32/emote Lunna 20/pause 1500/speak Lunna \"{{i18n:intermod.event-75160004.12}}\"/pause 1000/stopAnimation Lunna 2/pause 500/speak Lunna \"{{i18n:intermod.event-75160004.13}}\"/pause 500/emote farmer 32/pause 1000/speak Lunna \"{{i18n:intermod.event-75160004.14}}\"/faceDirection Lunna 3/pause 500/speak Lunna \"{{i18n:intermod.event-75160004.15}}\"/pause 500/emote farmer 8/pause 800/emote Lunna 16/pause 800/speak Lunna \"{{i18n:intermod.event-75160004.16}}\"/pause 1000/speak Lunna \"{{i18n:intermod.event-75160004.17}}\"/pause 500/speak Lunna \"$q 751605 null \"#{{i18n:intermod.event-75160004.18}}#$r 751605 30 event_4lunna1#{{i18n:intermod.event-75160004.19}}#$r 751605 30 event_4lunna2#{{i18n:intermod.event-75160004.20}}#$r 751605 -50 event_4lunna3#{{i18n:intermod.event-75160004.21}}\"/pause 1000/speak Lunna \"{{i18n:intermod.event-75160004.22}}\"/pause 1000/speak Lunna \"{{i18n:intermod.event-75160004.23}}\"/pause 500/speak Lunna \"{{i18n:intermod.event-75160004.24}}\"/emote farmer 20/pause 1500/fade/pause 1000/message \"{{i18n:intermod.event-75160004.25}}\"/end"
,
			},
		},
		{
			"LogName": "LunnaHouse Events",
			"Action": "EditData",
			"Target": "Data/Events/LunnaHouse",
			"When": {
				"HasMod: |contains=Ran.HarvestGoddess": true,
			},
			"Entries": {
				//HeartEvent3: Lunna fixes her shack
				 "75160003/e 75160002/f Lunna 1000/t 900 20000/p Lunna": "playful/7 6/farmer 7 10 0 Lunna 12 5 1/skippable/pause 2000/shake Lunna 1000/pause 1000/emote Lunna 40/speak Lunna \"{{i18n:intermod.event-75160003.01}}\"/pause 2000/textAboveHead Lunna \"{{i18n:intermod.event-75160003.02}}\"/pause 1000/move farmer 0 -1 0/faceDirection Lunna 2/pause 1000/emote Lunna 16/pause 1000/emote farmer 8/move Lunna -5 0 2/move Lunna 0 2 2/pause 1000/speak Lunna \"{{i18n:intermod.event-75160003.03}}\"/pause 1000/faceDirection Lunna 0/pause 1000/speak Lunna \"{{i18n:intermod.event-75160003.04}}\"/pause 2000/faceDirection Lunna 2/speak Lunna \"{{i18n:intermod.event-75160003.05}}\"/pause 1000/textAboveHead Lunna \"{{i18n:intermod.event-75160003.06}}\"/move Lunna 0 -2 1/move Lunna 5 0 1/move farmer 0 -4 1/move farmer 4 0 1/pause 500/faceDirection Lunna 3/pause 1000/speak Lunna \"{{i18n:intermod.event-75160003.07}}\"/pause 500/speak Lunna \"$q 751604 null \"#{{i18n:intermod.event-75160003.08}}#$r 751604 50 event_3lunna1#{{i18n:intermod.event-75160003.09}}#$r 751604 50 event_3lunna2#{{i18n:intermod.event-75160003.10}}#$r 751604 -200 event_3lunna3#{{i18n:intermod.event-75160003.11}}\"/fork LunnaFixAlone/pause 500/faceDirection Lunna 1/pause 1000/shake Lunna 1000/speak Lunna \"{{i18n:intermod.event-75160003.12}}\"/pause 500/fade/message \"{{i18n:intermod.event-75160003.13}}\"/end dialogueWarpOut Lunna \"{{i18n:intermod.event-75160003.14}}\""
,
				 "LunnaFixAlone": "stopMusic/pause 1000/speak Lunna \"{{i18n:intermod.event-75160003.LunnaFixAlone.01}}\"/pause 4000/faceDirection Lunna 1/speak Lunna \"{{i18n:intermod.event-75160003.LunnaFixAlone.02}}\"/pause 1000/fade/message \"{{i18n:intermod.event-75160003.LunnaFixAlone.03}}\"/end dialogueWarpOut Lunna \"{{i18n:intermod.event-75160003.LunnaFixAlone.04}}\""

			},
		},
		{
			"LogName": "Umuwi Events",
			"Action": "EditData",
			"Target": "Data/Events/Custom_LASV_Umuwi",
			"When": {
				"HasMod: |contains=Ran.HarvestGoddess": true
			},
			"Entries": {
				//Bianka 2 Hearts Event: Bianka in Umuwi
				 "75160016/f Bianka 500/t 600 1800/w sunny": "SettlingIn/57 37/farmer 73 37 3 Bianka 57 37 2 Dianna -100 -100 0/skippable/pause 2000/emote Bianka 56/pause 800/move farmer -12 0 3/faceDirection Bianka 1/emote Bianka 32/pause 800/move Bianka 2 0 1/speak Bianka \"{{i18n:intermod.event-75160016.01}}\"/emote farmer 16/pause 500/emote Bianka 28/pause 800/speak Bianka \"{{i18n:intermod.event-75160016.02}}\"/move Bianka 1 0 1/emote farmer 8/pause 800/speak Bianka \"{{i18n:intermod.event-75160016.03}}\"/emote farmer 40/pause 800/move Bianka -1 0 1/pause 500/speak Bianka \"{{i18n:intermod.event-75160016.04}}\"/emote farmer 8/pause 800/speak Bianka \"{{i18n:intermod.event-75160016.05}}\"/playSound doorClose/warp Dianna 60 31/faceDirection Dianna 0/pause 500/faceDirection Dianna 1/pause 500/emote Dianna 16/pause 800/faceDirection farmer 0/faceDirection Bianka 0/move Dianna 0 4 2/speak Dianna \"{{i18n:intermod.event-75160016.06}}\"/emote Bianka 16/faceDirection Bianka 1/pause 500/speak Bianka \"{{i18n:intermod.event-75160016.07}}\"/emote farmer 28/pause 800/speak Dianna \"{{i18n:intermod.event-75160016.08}}\"/pause 500/faceDirection farmer 3/pause 500/speak Bianka \"$q 751613 null \"#{{i18n:intermod.event-75160016.09}}#$r 751613 20 event_1bianka1#{{i18n:intermod.event-75160016.10}}#$r 751613 -50 event_1bianka2#{{i18n:intermod.event-75160016.11}}\"/fork NoTourBianka/emote Bianka 20/pause 800/speak Bianka \"{{i18n:intermod.event-75160016.12}}\"/emote Dianna 32/pause 800/speak Dianna \"{{i18n:intermod.event-75160016.13}}\"/pause 100/switchEvent 75160016_Tour"
,
				 "75160016_Tour": "pause 500/globalFade/viewport -1000 -1000/warp Dianna -100 -100/warp Bianka 50 31/warp farmer 49 31/faceDirection farmer 0/faceDirection Bianka 0/viewport 50 28/pause 200/move Bianka 0 -3 2/move farmer 0 -3 1/faceDirection Bianka 3/speak Bianka \"{{i18n:intermod.event-75160016.75160016_Tour.01}}\"/emote farmer 32/pause 1000/globalFade/viewport -1000 -1000/warp Bianka 16 37/warp farmer 17 37/faceDirection Bianka 0/faceDirection farmer 0/viewport 16 37/pause 200/move Bianka 0 -2 2/pause 1000/speak Bianka \"{{i18n:intermod.event-75160016.75160016_Tour.02}}\"/emote farmer 32/pause 2000/globalFade/viewport -1000 -1000/message \"{{i18n:intermod.event-75160016.75160016_Tour.03}}\"/pause 100/message \"{{i18n:intermod.event-75160016.75160016_Tour.04}}\"/pause 1000/stopMusic/playMusic spring_day_ambient/warp farmer 99 20/warp Bianka 100 20/faceDirection farmer 2/faceDirection Bianka 2/viewport 100 20/pause 500/move Bianka 0 1 2/pause 500/speak Bianka \"{{i18n:intermod.event-75160016.75160016_Tour.05}}\"/emote farmer 32/showFrame Bianka 16/move farmer 0 1 2/pause 1000/showFrame Bianka 17/pause 1000/showFrame Bianka 19/pause 1000/faceDirection Bianka 3/speak Bianka \"{{i18n:intermod.event-75160016.75160016_Tour.06}}\"/pause 500/faceDirection Bianka 2/pause 1000/speak Bianka \"{{i18n:intermod.event-75160016.75160016_Tour.07}}\"/pause 500/emote farmer 8/pause 800/speak Bianka \"{{i18n:intermod.event-75160016.75160016_Tour.08}}\"/switchEvent 75160016_Talk"
,
				 "75160016_Talk": "pause 500/textAboveHead Bianka \"{{i18n:intermod.event-75160016.75160016_Talk.01}}\"/pause 1000/speak Bianka \"{{i18n:intermod.event-75160016.75160016_Talk.02}}\"/emote farmer 8/pause 800/speak Bianka \"{{i18n:intermod.event-75160016.75160016_Talk.03}}\"/emote farmer 16/pause 800/speak Bianka \"{{i18n:intermod.event-75160016.75160016_Talk.04}}\"/emote farmer 32/pause 800/speak Bianka \"{{i18n:intermod.event-75160016.75160016_Talk.05}}\"/emote farmer 32/pause 1000/move Bianka 1 0 1/faceDirection farmer 1/speak Bianka \"{{i18n:intermod.event-75160016.75160016_Talk.06}}\"/emote Bianka 40/pause 800/emote farmer 8/pause 800/faceDirection Bianka 3/speak Bianka \"{{i18n:intermod.event-75160016.75160016_Talk.07}}\"/emote farmer 40/pause 800/showFrame Bianka 16/speak Bianka \"{{i18n:intermod.event-75160016.75160016_Talk.08}}\"/pause 200/faceDirection Bianka 3/emote Bianka 32/pause 1000/end dialogue Bianka \"{{i18n:intermod.event-75160016.75160016_Talk.09}}\""
,
				 "NoTourBianka": "stopMusic/pause 1000/speak Bianka \"{{i18n:intermod.event-75160016.NoTourBianka.01}}\"/pause 1000/faceDirection Bianka 3/speak Bianka \"{{i18n:intermod.event-75160016.NoTourBianka.02}}\"/move Bianka 0 -3 0/pause 3000/end dialogue Bianka\"{{i18n:intermod.event-75160016.NoTourBianka.03}}\""
,
				//Bianka 9 Hearts Event: Ritual and A date with Bianka, The normal girl 
				 "75160022/e 75160021/f Bianka 2250/t 600 1200/w sunny": "sweet/89 30/farmer -100 -100 0 Bianka 92 30 3 Esmeralda 88 32 3 Raphael 87 33 0 Wizard 86 32 1/skippable/pause 2000/playSound wand/screenFlash .8/warp farmer 92 28/faceDirection farmer 2/emote farmer 16/pause 500/faceDirection Bianka 0/emote Bianka 32/pause 500/move farmer 0 1 2/speak Bianka \"{{i18n:intermod.event-75160022.01}}\"/emote farmer 8/pause 500/speak Bianka \"{{i18n:intermod.event-75160022.02}}\"/emote farmer 56/emote Bianka 28/pause 500/speak Bianka \"{{i18n:intermod.event-75160022.03}}\"/faceDirection Esmeralda 1/emote Esmeralda 16/speak Esmeralda \"{{i18n:intermod.event-75160022.04}}\"/faceDirection farmer 3/faceDirection Bianka 3/emote Esmeralda 56/pause 500/speak Esmeralda \"{{i18n:intermod.event-75160022.05}}\"/move Bianka 0 1 3/move Bianka -5 0 2/move farmer 0 2 3/move farmer -3 0 3/faceDirection Esmeralda 3/speak Bianka \"{{i18n:intermod.event-75160022.06}}\"/speak Esmeralda \"{{i18n:intermod.event-75160022.07}}\"/speak Wizard \"{{i18n:intermod.event-75160022.08}}\"/speak Bianka \"{{i18n:intermod.event-75160022.09}}\"/speak Wizard \"{{i18n:intermod.event-75160022.10}}\"/speak Bianka \"{{i18n:intermod.event-75160022.11}}\"/emote Bianka 32/emote Wizard 32/pause 800/speak Wizard \"{{i18n:intermod.event-75160022.12}}\"/emote Bianka 16/emote farmer 16/emote Raphael 28/pause 500/speak Bianka \"{{i18n:intermod.event-75160022.13}}\"/speak Raphael \"{{i18n:intermod.event-75160022.14}}\"/speak Esmeralda \"{{i18n:intermod.event-75160022.15}}\"/speak Wizard \"{{i18n:intermod.event-75160022.16}}\"/speak Raphael \"{{i18n:intermod.event-75160022.17}}\"/speak Bianka \"{{i18n:intermod.event-75160022.18}}\"/emote Raphael 32/emote Bianka 32/pause 1000/stopMusic/speak Wizard \"{{i18n:intermod.event-75160022.19}}\"/speak Esmeralda \"{{i18n:intermod.event-75160022.20}}\"/move Bianka 1 0 2/move Raphael 0 -2 3/move Raphael -1 0 2/move Esmeralda 0 1 0/move Wizard 0 1 0/speak Wizard \"{{i18n:intermod.event-75160022.21}}\"/emote Bianka 56/emote Raphael 56/pause 800/showFrame Wizard 16/showFrame Esmeralda 16/showFrame Bianka 49/showFrame Raphael 21/emote farmer 16/pause 4000/playSound wand/glow 255 100 100/pause 1000/playSound wand/glow 255 100 100/pause 1000/playSound wand/glow 255 100 100/speak Bianka \"{{i18n:intermod.event-75160022.22}}\"/pause 800/positionOffset Bianka 0 -20/positionOffset Raphael 0 -20/pause 800/positionOffset Bianka 0 -20/positionOffset Raphael 0 -20/pause 800/positionOffset Bianka 0 -20/positionOffset Raphael 0 -20/pause 800/positionOffset Bianka 0 -20/positionOffset Raphael 0 -20/pause 800/positionOffset Bianka 0 -20/positionOffset Raphael 0 -20/pause 800/positionOffset Bianka 0 -20/positionOffset Raphael 0 -20/pause 4000/playSound wand/screenFlash .8/playSound wand/screenFlash .8/pause 1000/glow 255 50 180/glow 255 50 180/screenFlash .8/warp Bianka 88 31 2/warp Raphael 86 31 2/showFrame Bianka 24/showFrame Raphael 21/emote farmer 16/pause 1000/faceDirection Esmeralda 0/faceDirection Wizard 0/speak Esmeralda \"{{i18n:intermod.event-75160022.23}}\"/speak Wizard \"{{i18n:intermod.event-75160022.24}}\"/shake Bianka 1000/speak Bianka \"{{i18n:intermod.event-75160022.25}}\"/move Esmeralda 0 -1 0/speak Esmeralda \"{{i18n:intermod.event-75160022.26}}\"/faceDirection Bianka 2/emote Esmeralda 40/pause 1000/speak Esmeralda \"{{i18n:intermod.event-75160022.27}}\"/speak Bianka \"{{i18n:intermod.event-75160022.28}}\"/warp Bianka -100 -100/playMusic desolate/showFrame Esmeralda 19/emote Esmeralda 16/pause 500/speak Esmeralda \"{{i18n:intermod.event-75160022.29}}\"/speak Bianka \"{{i18n:intermod.event-75160022.30}}\"/faceDirection Raphael 1/emote Raphael 32/speak Raphael \"{{i18n:intermod.event-75160022.31}}\"/warp Bianka 88 31/faceDirection Bianka 3/faceDirection Esmeralda 0/speak Bianka \"{{i18n:intermod.event-75160022.32}}\"/speak Wizard \"{{i18n:intermod.event-75160022.33}}\"/faceDirection Bianka 1/emote farmer 32/pause 500/speak Bianka \"{{i18n:intermod.event-75160022.34}}\"/emote Esmeralda 20/pause 500/move Esmeralda 0 1 0/speak Esmeralda \"{{i18n:intermod.event-75160022.35}}\"/faceDirection Bianka 2/emote Bianka 8/stopMusic/pause 500/playSound wand/screenFlash .8/showFrame Bianka 30/emote Bianka 16/emote farmer 16/emote Esmeralda 20/emote Raphael 16/pause 1000/playMusic SettlingIn/speak Bianka \"{{i18n:intermod.event-75160022.36}}\"/speak Esmeralda \"{{i18n:intermod.event-75160022.37}}\"/showFrame Bianka 31/speak Bianka \"{{i18n:intermod.event-75160022.38}}\"/emote farmer 20/pause 800/emote Bianka 20/pause 800/speak Esmeralda \"{{i18n:intermod.event-75160022.39}}\"/emote Bianka 60/pause 500/showFrame Bianka 30/speak Bianka \"{{i18n:intermod.event-75160022.40}}\"/faceDirection farmer 2/speak Esmeralda \"{{i18n:intermod.event-75160022.41}}\"/emote farmer 32/pause 800/speak Bianka \"{{i18n:intermod.event-75160022.42}}\"/speak Esmeralda \"{{i18n:intermod.event-75160022.43}}\"/emote Bianka 20/emote farmer 20/pause 500/speak Bianka \"{{i18n:intermod.event-75160022.44}}\"/showFrame Bianka 31/speak Bianka \"{{i18n:intermod.event-75160022.45}}\"/pause 800/globalFade/viewport -1000 -1000/changeToTemporaryMap Custom_LASV_FallsCave/warp Bianka 15 13/warp farmer 14 13/warp Esmeralda -100 -100/warp Raphael -101 -100/warp Wizard -102 -100/faceDirection farmer 0/showFrame Bianka 34/viewport 15 12/pause 1000/speak Bianka \"{{i18n:intermod.event-75160022.46}}\"/faceDirection farmer 1/showFrame Bianka 35/speak Bianka \"{{i18n:intermod.event-75160022.47}}\"/emote farmer 16/emote Bianka 28/pause 800/speak Bianka \"{{i18n:intermod.event-75160022.48}}\"/question null \"{{i18n:intermod.event-75160022.49}}#{{i18n:intermod.event-75160022.50}}#{{i18n:intermod.event-75160022.51}}#\"/showFrame Bianka 39/positionOffset Bianka -5 0/positionOffset farmer 5 20/animate farmer false true 100 101/pause 4000/globalFade/viewport -1000 -1000/message \"{{i18n:intermod.event-75160022.52}}\"/message \"{{i18n:intermod.event-75160022.53}}\"/message \"{{i18n:intermod.event-75160022.54}}\"/end dialogue Bianka \"{{i18n:intermod.event-75160022.55}}\""
,
			}
		},


	]
}