{
	"Changes": [
		{
			"LogName": "Engagement Dialogue",
			"Action": "EditData",
			"Target": "Data/EngagementDialogue",
			"Entries": {
				"Lunna0": "{{i18n:Lunna.engage.0}}",
				"Lunna1": "{{i18n:Lunna.engage.1}}",
				"Bianka0": "{{i18n:Bianka.engage.0}}",
				"Bianka1": "{{i18n:Bianka.engage.1}}",
				"Raphael0": "{{i18n:Raphael.engage.0}}",
				"Raphael1": "{{i18n:Raphael.engage.1}}"
			},
		},

		{
			"LogName": "Lunna's Messages",
			"Action": "EditData",
			"Target": "Characters/Dialogue/Lunna",
			"Entries": {
				"give_flowersA": "{{i18n:Lunna.romance.give_flowersA}}",
				"give_flowersB": "{{i18n:Lunna.romance.give_flowersB}}",
				"give_pendant": "{{i18n:Lunna.romance.give_pendant}}",
				"stardrop_gift": "{{i18n:Lunna.romance.stardrop_gift}}",
				"rejectNPCA": "{{i18n:Lunna.romance.rejectNPCA}}",
				"rejectNPCB": "{{i18n:Lunna.romance.rejectNPCB}}",
				"reject_two_heartA": "{{i18n:Lunna.romance.reject_two_heartA}}",
				"reject_two_heartB": "{{i18n:Lunna.romance.reject_two_heartB}}",
				"reject_four_heartA": "{{i18n:Lunna.romance.reject_four_heartA}}",
				"reject_four_heartB": "{{i18n:Lunna.romance.reject_four_heartB}}",
				"engageA": "{{i18n:Lunna.romance.engageA}}",
				"engageB": "{{i18n:Lunna.romance.engageB}}",
				"marriedA": "{{i18n:Lunna.romance.marriedA}}",
				"marriedB": "{{i18n:Lunna.romance.marriedB}}",
				"refusal_knownA": "{{i18n:Lunna.romance.refusal_knownA}}",
				"refusal_knownB": "{{i18n:Lunna.romance.refusal_knownB}}",
				"refusal_botherA": "{{i18n:Lunna.romance.refusal_botherA}}",
				"refusal_botherB": "{{i18n:Lunna.romance.refusal_botherB}}",
				"refusal_no_heartsA": "{{i18n:Lunna.romance.refusal_no_heartsA}}",
				"refusal_no_heartsB": "{{i18n:Lunna.romance.refusal_no_heartsB}}",
			},
		},
		{
			"LogName": "Dating Lunna",
			"Target": "Characters/Dialogue/Lunna",
			"Action": "EditData",
			"When": {
				"Relationship:Lunna": "Dating"
			},
			"Entries": {
				"give_flowersA": "{{i18n:Lunna.romance.dating.give_flowersA}}",
				"give_flowersB": "{{i18n:Lunna.romance.dating.give_flowersB}}",
			},
		},
		{
			"LogName": "Engaged to Lunna",
			"Target": "Characters/Dialogue/Lunna",
			"Action": "EditData",
			"When": {
				"Relationship:Lunna": "Engaged"
			},
			"Entries": {
				"give_flowersA": "{{i18n:Lunna.romance.engaged.give_flowersA}}",
				"give_flowersB": "{{i18n:Lunna.romance.engaged.give_flowersB}}",
			},
		},
		{
			"LogName": "Married to Lunna",
			"Target": "Characters/Dialogue/Lunna",
			"Action": "EditData",
			"When": {
				"Relationship:Lunna": "Married",
			},
			"Entries": {
				"give_flowersA": "{{i18n:Lunna.romance.married.give_flowersA}}",
				"give_flowersB": "{{i18n:Lunna.romance.married.give_flowersB}}",
			},
		},


		{
			"LogName": "Bianka's Messages",
			"Action": "EditData",
			"Target": "Characters/Dialogue/Bianka",
			"Entries": {
				"give_flowersA": "{{i18n:Bianka.romance.give_flowersA}}",
				"give_flowersB": "{{i18n:Bianka.romance.give_flowersB}}",
				"give_pendant": "{{i18n:Bianka.romance.give_pendant}}",
				"stardrop_gift": "{{i18n:Bianka.romance.stardrop_gift}}",
				"rejectNPCA": "{{i18n:Bianka.romance.rejectNPCA}}",
				"rejectNPCB": "{{i18n:Bianka.romance.rejectNPCB}}",
				"reject_two_heartA": "{{i18n:Bianka.romance.reject_two_heartA}}",
				"reject_two_heartB": "{{i18n:Bianka.romance.reject_two_heartB}}",
				"reject_four_heartA": "{{i18n:Bianka.romance.reject_four_heartA}}",
				"reject_four_heartB": "{{i18n:Bianka.romance.reject_four_heartB}}",
				"engageA": "{{i18n:Bianka.romance.engageA}}",
				"engageB": "{{i18n:Bianka.romance.engageB}}",
				"marriedA": "{{i18n:Bianka.romance.marriedA}}",
				"marriedB": "{{i18n:Bianka.romance.marriedB}}",
				"refusal_knownA": "{{i18n:Bianka.romance.refusal_knownA}}",
				"refusal_knownB": "{{i18n:Bianka.romance.refusal_knownB}}",
				"refusal_botherA": "{{i18n:Bianka.romance.refusal_botherA}}",
				"refusal_botherB": "{{i18n:Bianka.romance.refusal_botherB}}",
				"refusal_no_heartsA": "{{i18n:Bianka.romance.refusal_no_heartsA}}",
				"refusal_no_heartsB": "{{i18n:Bianka.romance.refusal_no_heartsB}}",
			},
		},
		{
			"LogName": "Dating Bianka",
			"Target": "Characters/Dialogue/Bianka",
			"Action": "EditData",
			"When": {
				"Relationship:Bianka": "Dating"
			},
			"Entries": {
				"give_flowersA": "{{i18n:Bianka.romance.dating.give_flowersA}}",
				"give_flowersB": "{{i18n:Bianka.romance.dating.give_flowersB}}",
			},
		},
		{
			"LogName": "Engaged to Bianka",
			"Target": "Characters/Dialogue/Bianka",
			"Action": "EditData",
			"When": {
				"Relationship:Bianka": "Engaged"
			},
			"Entries": {
				"give_flowersA": "{{i18n:Bianka.romance.engaged.give_flowersA}}",
				"give_flowersB": "{{i18n:Bianka.romance.engaged.give_flowersB}}",
			},
		},
		{
			"LogName": "Married to Bianka",
			"Target": "Characters/Dialogue/Bianka",
			"Action": "EditData",
			"When": {
				"Relationship:Bianka": "Married",
			},
			"Entries": {
				"give_flowersA": "{{i18n:Bianka.romance.married.give_flowersA}}",
				"give_flowersB": "{{i18n:Bianka.romance.married.give_flowersB}}",
			},
		},

		{
			"LogName": "Raphael's Messages",
			"Action": "EditData",
			"Target": "Characters/Dialogue/Raphael",
			"Entries": {
				"give_flowersA": "{{i18n:Raphael.romance.give_flowersA}}",
				"give_flowersB": "{{i18n:Raphael.romance.give_flowersB}}",
				"give_pendant": "{{i18n:Raphael.romance.give_pendant}}",
				"stardrop_gift": "{{i18n:Raphael.romance.stardrop_gift}}",
				"rejectNPCA": "{{i18n:Raphael.romance.rejectNPCA}}",
				"rejectNPCB": "{{i18n:Raphael.romance.rejectNPCB}}",
				"reject_two_heartA": "{{i18n:Raphael.romance.reject_two_heartA}}",
				"reject_two_heartB": "{{i18n:Raphael.romance.reject_two_heartB}}",
				"reject_four_heartA": "{{i18n:Raphael.romance.reject_four_heartA}}",
				"reject_four_heartB": "{{i18n:Raphael.romance.reject_four_heartB}}",
				"engageA": "{{i18n:Raphael.romance.engageA}}",
				"engageB": "{{i18n:Raphael.romance.engageB}}",
				"marriedA": "{{i18n:Raphael.romance.marriedA}}",
				"marriedB": "{{i18n:Raphael.romance.marriedB}}",
				"refusal_knownA": "{{i18n:Raphael.romance.refusal_knownA}}",
				"refusal_knownB": "{{i18n:Raphael.romance.refusal_knownB}}",
				"refusal_botherA": "{{i18n:Raphael.romance.refusal_botherA}}",
				"refusal_botherB": "{{i18n:Raphael.romance.refusal_botherB}}",
				"refusal_no_heartsA": "{{i18n:Raphael.romance.refusal_no_heartsA}}",
				"refusal_no_heartsB": "{{i18n:Raphael.romance.refusal_no_heartsB}}",
			},
		},
		{
			"LogName": "Dating Raphael",
			"Target": "Characters/Dialogue/Raphael",
			"Action": "EditData",
			"When": {
				"Relationship:Raphael": "Dating"
			},
			"Entries": {
				"give_flowersA": "{{i18n:Raphael.romance.dating.give_flowersA}}",
				"give_flowersB": "{{i18n:Raphael.romance.dating.give_flowersB}}",
			},
		},
		{
			"LogName": "Engaged to Raphael",
			"Target": "Characters/Dialogue/Raphael",
			"Action": "EditData",
			"When": {
				"Relationship:Raphael": "Engaged"
			},
			"Entries": {
				"give_flowersA": "{{i18n:Raphael.romance.engaged.give_flowersA}}",
				"give_flowersB": "{{i18n:Raphael.romance.engaged.give_flowersB}}",
			},
		},
		{
			"LogName": "Married to Raphael",
			"Target": "Characters/Dialogue/Raphael",
			"Action": "EditData",
			"When": {
				"Relationship:Raphael": "Married",
			},
			"Entries": {
				"give_flowersA": "{{i18n:Raphael.romance.married.give_flowersA}}",
				"give_flowersB": "{{i18n:Raphael.romance.married.give_flowersB}}",
			},
		},

  	{    //Summit LASV spouse dialogue additions
	 	"Action": "EditData",
     	"Target": "Data/ExtraDialogue",
     	"Entries": { 
     		//Coded as events
	    	"SummitEvent_Dialogue3_Lunna": "{{i18n:lunna.summit.1}}\"/faceDirection farmer 1/emote farmer 8/faceDirection Lunna 3/pause 300/speak Lunna \"{{i18n:lunna.summit.2}}\"/faceDirection Lunna 0/pause 500/speak Lunna \"{{i18n:lunna.summit.3}}\"/faceDirection Lunna 3/pause 300/speak Lunna \"{{i18n:lunna.summit.4}}",

	    	"SummitEvent_Dialogue3_Bianka": "{{i18n:bianka.summit.1}}/emote farmer 32/pause 500/faceDirection Bianka 3/pause 300/emote Bianka 20/faceDirection farmer 1/emote farmer 8/speak Bianka \"{{i18n:bianka.summit.2}}\"/emote farmer 32/speak Bianka \"{{i18n:bianka.summit.3}}",

	    	"SummitEvent_Dialogue3_Raphael": "{{i18n:raphael.summit.1}}/faceDirection farmer 1/pause 500/speak Raphael \"{{i18n:raphael.summit.2}}\"/pause 500/faceDirection Raphael 3/pause 300/speak Raphael \"/{{i18n:raphael.summit.3}}\"/emote farmer 20/speak Raphael \"{{i18n:raphael.summit.4}}\"/faceDirection farmer 0/faceDirection Raphael 0/pause 300/speak Raphael \"{{i18n:raphael.summit.5}}",
			}
	},

	//SpouseRooms
	//Load SpouseRooms
    {
        "Action": "EditData",
        "Target": "Data/SpouseRooms",
        "Entries": {
            "Bianka": "LASVSpouseRooms/0",
            "Lunna": "LASVSpouseRooms/1",
            "Raphael": "LASVSpouseRooms/2",
        }
    },

    // Load SpouseRoom Map
    {
        "Action": "Load",
        "Target": "Maps/LASVSpouseRooms",
        "FromFile": "assets/Maps/Spouse/{{TargetWithoutPath}}.tmx"
    },

    // Load Spouse Patios
    {
    	"Action": "Load",
    	"Target": "Maps/LASVSpousePatios",
    	"FromFile": "assets/Maps/Spouse/{{TargetWithoutPath}}.tmx",
    	"When": {
    		"HasMod: |contains=Rafseazz.CustomPatioLASV": false,
    	}
    },

    //Register patios
    {
    	"Action": "EditData",
    	"Target": "Data/SpousePatios",
    	"Entries": {
    		"Bianka": "LASVSpousePatios/0/16 16 16 16 17 17 17 17 18 18 18 18 19 19 19 19 0 0 0 0 0 0 0 0 0 0 0 0 0 0 0 0 0 0 0 0 0 0 0 0 0 0 0 16 16 16 16 17 17 17 17 18 18 18 18 19 19 19 19 16 16 16 16 17 17 17 17 18 18 18 18 19 19 19 19 16 16 16 16 17 17 17 17 18 18 18 18 19 19 19 19 16 16 16 16 17 17 17 17 18 18 18 18 19 19 19 19 16 16 16 16 17 17 17 17 18 18 18 18 19 19 19 19/0 0",
    		"Lunna": "LASVSpousePatios/1/16 16 16 16 16 16 16 16 16 16 16 16 17 18 19 19 19/0 0",
    		"Raphael": "LASVSpousePatios/2/23 23 23 23 23 23 24 24 24 25 25 25 25 26 26 26 25 25 25 23 23 23 26 26 26 26 26 26 25 25 25 25 24 24 24 24 23 23 23/0 0",
    	},
    	"When": {
    		"HasMod: |contains=Rafseazz.CustomPatioLASV": false,
    	}
    },

    {
		"LogName": "Movie Invitation Dialogue",
		"Action": "EditData",
		"Target": "Strings/Characters",
		"Entries": {
			"MovieInvite_Spouse_Lunna": "{{i18n:Romance.MovieInvite.Spouse.Lunna}}",
			"MovieInvite_Spouse_Bianka": "{{i18n:Romance.MovieInvite.Spouse.Bianka}}",
			"MovieInvite_Spouse_Raphael": "{{i18n:Romance.MovieInvite.Spouse.Raphael}}",
		}, 
	},
	]
}