{
	"Changes": [
		//Strings-----------------------------------------------

		//Fix Lunna Wedding Strings
		{
			"Action": "EditData",
			"Target": "strings/StringsFromCSFiles",
			"Entries": {
				"Utility.cs.5367": "{{i18n:WeddingFix.1.Lunna}}",
				"Utility.cs.5369": "{{i18n:WeddingFix.2.Lunna}}",
				"Utility.cs.5371": "{{i18n:WeddingFix.3.Lunna}}",
				"Utility.cs.5377": "{{i18n:WeddingFix.4.Lunna}}",
			},
			"When": {
				"Relationship:Lunna": "Engaged"
			},
		},

		//Fix Bianka Wedding Strings
		{
			"Action": "EditData",
			"Target": "strings/StringsFromCSFiles",
			"Entries": {
				"Utility.cs.5367": "{{i18n:WeddingFix.1.Bianka}}",
				"Utility.cs.5369": "{{i18n:WeddingFix.2.Bianka}}",
				"Utility.cs.5371": "{{i18n:WeddingFix.3.Bianka}}",
				"Utility.cs.5377": "{{i18n:WeddingFix.4.Bianka}}",
			},
			"When": {
				"Relationship:Bianka": "Engaged"
			},
		},

		//Wizard strings
		{
			"LogName": "Dialogue",
			"Action": "EditData",
			"Target": "Characters/Dialogue/Wizard",
			"Entries": {
				"romanceLunna_Yes": "{{i18n:Wizard.rml.yes}}",
				"romanceLunna_No": "{{i18n:Wizard.rml.no}}",
			},
		},

		//Lunna new dialogue after Umuwi Unlock
		{
			"LogName": "Dialogue After Umuwi Event",
			"Action": "EditData",
			"Target": "Characters/Dialogue/Lunna",
			"When": {
				"HasSeenEvent: hostPlayer": 75160015
			},
			"Entries": {
				"Town_72_9": "{{i18n:Lunna.UU.1}}",
				"spring_3": "{{i18n:Lunna.UU.2}}",
				"winter_2": "{{i18n:Lunna.UU.3}}",
				"winter_14": "{{i18n:Lunna.UU.4}}",
			},
		},

		//Animation Strings
		{
			"LogName": "AnimationDescriptions Strings",
			"Action": "EditData",
			"Target": "Strings/animationDescriptions",
			"Entries": {
				"lunna.eat.00": "{{i18n:Lunna.eat}}",
				"lunna.sitrain.00": "{{i18n:Lunna.sitrain}}",
				"lunna.liedown.00": "{{i18n:lunna.liedown}}",
				"dianna.dance.00": "{{i18n:dianna.dance}}",
				"dianna.eat.00": "{{i18n:dianna.eat}}",
				"bianka.meditate.00": "{{i18n:bianka.meditate}}"
			},
		},
		//Map Strings
		{
			"LogName": "StringsFromMaps",
			"Action": "EditData",
			"Target": "Strings/StringsFromMaps",
			"Entries": {
				"Umuwi.1": "{{i18n:Umuwi.1}}",
				"Umuwi.2": "{{i18n:Umuwi.2}}",
				"Umuwi.3": "{{i18n:Umuwi.3}}",
				"Umuwi.4": "{{i18n:Umuwi.4}}",
				"UmuwiLakeLock": "{{i18n:Umuwi.Lakelock}}",
				"UmuwiFallsLock": "{{i18n:Umuwi.Fallslock}}",
			},
		},
	]
}