{
	"Changes": [
		{
			"LogName": "StardewValleyFair",
			"Action": "EditData",
			"Target": "Data/Festivals/fall16",
			"Entries": {
				"Lunna": "{{i18n:Lunna.fair}}",
				"Lunna_spouse": "{{i18n:Lunna.fair.spouse}}",
				"Bianka": "{{i18n:Bianka.fair}}",
				"Bianka_spouse": "{{i18n:Bianka.fair.spouse}}",
				"Raphael": "{{i18n:Raphael.fair}}",
				"Raphael_spouse": "{{i18n:Raphael.fair.spouse}}",
			},
		},
		{
			"LogName": "Halloween",
			"Action": "EditData",
			"Target": "Data/Festivals/fall27",
			"Entries": {
				"Lunna": "{{i18n:Lunna.hlwn}}",
				"Lunna_spouse": "{{i18n:Lunna.hlwn.spouse}}",
				"Bianka": "{{i18n:Bianka.hlwn}}",
				"Bianka_spouse": "{{i18n:Bianka.hlwn.spouse}}",
				"Raphael": "{{i18n:Raphael.hlwn}}",
				"Raphael_spouse": "{{i18n:Raphael.hlwn.spouse}}",
			},
		},
		{
			"LogName": "EggFestival",
			"Action": "EditData",
			"Target": "Data/Festivals/spring13",
			"Entries": {
				"Lunna": "{{i18n:Lunna.egg}}",
				"Lunna_spouse": "{{i18n:Lunna.egg.spouse}}",
				"Bianka": "{{i18n:Bianka.egg}}",
				"Bianka_spouse": "{{i18n:Bianka.egg.spouse}}",
				"Raphael": "{{i18n:Raphael.egg}}",
				"Raphael_spouse": "{{i18n:Raphael.egg.spouse}}",
			},
		},
		{
			"LogName": "FlowerDance",
			"Action": "EditData",
			"Target": "Data/Festivals/spring24",
			"Entries": {
				"Lunna": "{{i18n:Lunna.flower}}",
				"Lunna_spouse": "{{i18n:Lunna.flower.spouse}}",
				"Bianka": "{{i18n:Bianka.flower}}",
				"Bianka_spouse": "{{i18n:Bianka.flower.spouse}}",
				"Raphael": "{{i18n:Raphael.flower}}",
				"Raphael_spouse": "{{i18n:Raphael.flower.spouse}}",
			},
		},
		{
			"LogName": "Luau",
			"Action": "EditData",
			"Target": "Data/Festivals/summer11",
			"Entries": {
				"Lunna": "{{i18n:Lunna.luau}}",
				"Lunna_spouse": "{{i18n:Lunna.luau.spouse}}",
				"Bianka": "{{i18n:Bianka.luau}}",
				"Bianka_spouse": "{{i18n:Bianka.luau.spouse}}",
				"Raphael": "{{i18n:Raphael.luau}}",
				"Raphael_spouse": "{{i18n:Raphael.luau.spouse}}",
			},
		},
		{
			"LogName": "MoonlightJellies",
			"Action": "EditData",
			"Target": "Data/Festivals/summer28",
			"Entries": {
				"Lunna": "{{i18n:Lunna.jellies}}",
				"Lunna_spouse": "{{i18n:Lunna.jellies.spouse}}",
				"Bianka": "{{i18n:Bianka.jellies}}",
				"Bianka_spouse": "{{i18n:Bianka.jellies.spouse}}",
				"Raphael": "{{i18n:Raphael.jellies}}",
				"Raphael_spouse": "{{i18n:Raphael.jellies.spouse}}",
			},
		},
		{
			"LogName": "IceFestival",
			"Action": "EditData",
			"Target": "Data/Festivals/winter8",
			"Entries": {
				"Lunna": "{{i18n:Lunna.icefest}}",
				"Bianka": "{{i18n:Bianka.icefest}}",
				"Raphael": "{{i18n:Raphael.icefest}}",
			},
		},
		{
			"LogName": "Christmas",
			"Action": "EditData",
			"Target": "Data/Festivals/winter25",
			"Entries": {
				"Lunna": "{{i18n:Lunna.xmas}}",
				"Lunna_spouse": "{{i18n:Lunna.xmas.spouse}}",
				"Bianka": "{{i18n:Bianka.xmas}}",
				"Bianka_spouse": "{{i18n:Bianka.xmas.spouse}}",
				"Raphael": "{{i18n:Raphael.xmas}}",
				"Raphael_spouse": "{{i18n:Raphael.xmas.spouse}}",
			},
		},
	]
}